,"Core PCE inflation, 4-quarter","PCE inflation, 4-quarter",Survey of Professional Forecasters expected 4-quarter PCE inflation ,"Core PCE inflation, 4-quarter, real-time (1st estimate)","Core PCE inflation, 4-quarter, real-time (2nd estimate)","Core PCE inflation, 4-quarter, real-time (3rd estimate)","PCE inflation, 4-quarter, real-time (1st estimate)","PCE inflation, 4-quarter, real-time (2nd estimate)","PCE inflation, 4-quarter, real-time (3rd estimate)",10-year expected PCE price inflation (Survey of Professional Forecasters),,,,,,,,,,,,,,,
,CorePCEInflation,PCEInflation,ExpectedPCEInflation,CorePCEInflationRTest1,CorePCEInflationRTest2,CorePCEInflationRTest3,PCEInflationRTest1,PCEInflationRTest2,PCEInflationRTest3,PTR,,,,,,,,,,,,,,,
2/15/1955,#N/A,#N/A,#N/A,#N/A,#N/A,#N/A,#N/A,#N/A,#N/A,#N/A,,,,,,,,,,,,,,,
5/15/1955,#N/A,#N/A,#N/A,#N/A,#N/A,#N/A,#N/A,#N/A,#N/A,#N/A,,,,,,,,,,,,,,,
8/15/1955,#N/A,#N/A,#N/A,#N/A,#N/A,#N/A,#N/A,#N/A,#N/A,#N/A,,,,,,,,,,,,,,,
11/15/1955,#N/A,#N/A,#N/A,#N/A,#N/A,#N/A,#N/A,#N/A,#N/A,#N/A,,,,,,,,,,,,,,,
2/15/1956,#N/A,1.185235353877,#N/A,#N/A,#N/A,#N/A,#N/A,#N/A,#N/A,#N/A,,,,,,,,,,,,,,,
5/15/1956,#N/A,1.759133964817,#N/A,#N/A,#N/A,#N/A,#N/A,#N/A,#N/A,#N/A,,,,,,,,,,,,,,,
8/15/1956,#N/A,2.352069011996,#N/A,#N/A,#N/A,#N/A,#N/A,#N/A,#N/A,#N/A,,,,,,,,,,,,,,,
11/15/1956,#N/A,2.668190066537,#N/A,#N/A,#N/A,#N/A,#N/A,#N/A,#N/A,#N/A,,,,,,,,,,,,,,,
2/15/1957,#N/A,3.165997322624,#N/A,#N/A,#N/A,#N/A,#N/A,#N/A,#N/A,#N/A,,,,,,,,,,,,,,,
5/15/1957,#N/A,3.131648936170,#N/A,#N/A,#N/A,#N/A,#N/A,#N/A,#N/A,#N/A,,,,,,,,,,,,,,,
8/15/1957,#N/A,2.963060512280,#N/A,#N/A,#N/A,#N/A,#N/A,#N/A,#N/A,#N/A,,,,,,,,,,,,,,,
11/15/1957,#N/A,2.893427598848,#N/A,#N/A,#N/A,#N/A,#N/A,#N/A,#N/A,#N/A,,,,,,,,,,,,,,,
2/15/1958,#N/A,3.237526763122,#N/A,#N/A,#N/A,#N/A,#N/A,#N/A,#N/A,#N/A,,,,,,,,,,,,,,,
5/15/1958,#N/A,2.772226162079,#N/A,#N/A,#N/A,#N/A,#N/A,#N/A,#N/A,#N/A,,,,,,,,,,,,,,,
8/15/1958,#N/A,2.020847988745,#N/A,#N/A,#N/A,#N/A,#N/A,#N/A,#N/A,#N/A,,,,,,,,,,,,,,,
11/15/1958,#N/A,1.456928362387,#N/A,#N/A,#N/A,#N/A,#N/A,#N/A,#N/A,#N/A,,,,,,,,,,,,,,,
2/15/1959,#N/A,0.904977375566,#N/A,#N/A,#N/A,#N/A,#N/A,#N/A,#N/A,#N/A,,,,,,,,,,,,,,,
5/15/1959,#N/A,1.129163791481,#N/A,#N/A,#N/A,#N/A,#N/A,#N/A,#N/A,#N/A,,,,,,,,,,,,,,,
8/15/1959,#N/A,1.667397981571,#N/A,#N/A,#N/A,#N/A,#N/A,#N/A,#N/A,#N/A,,,,,,,,,,,,,,,
11/15/1959,#N/A,2.257477895529,#N/A,#N/A,#N/A,#N/A,#N/A,#N/A,#N/A,#N/A,,,,,,,,,,,,,,,
2/15/1960,2.107405855236,1.694070752367,#N/A,#N/A,#N/A,#N/A,#N/A,#N/A,#N/A,#N/A,,,,,,,,,,,,,,,
5/15/1960,1.953311100524,1.817505117549,#N/A,#N/A,#N/A,#N/A,#N/A,#N/A,#N/A,#N/A,,,,,,,,,,,,,,,
8/15/1960,1.674159962139,1.578395708737,#N/A,#N/A,#N/A,#N/A,#N/A,#N/A,#N/A,#N/A,,,,,,,,,,,,,,,
11/15/1960,1.417480296436,1.477892929417,#N/A,#N/A,#N/A,#N/A,#N/A,#N/A,#N/A,#N/A,,,,,,,,,,,,,,,
2/15/1961,1.278217531516,1.537236648702,#N/A,#N/A,#N/A,#N/A,#N/A,#N/A,#N/A,#N/A,,,,,,,,,,,,,,,
5/15/1961,1.220794392523,0.993054709394,#N/A,#N/A,#N/A,#N/A,#N/A,#N/A,#N/A,#N/A,,,,,,,,,,,,,,,
8/15/1961,1.268400535288,0.977238239757,#N/A,#N/A,#N/A,#N/A,#N/A,#N/A,#N/A,#N/A,,,,,,,,,,,,,,,
11/15/1961,1.183088789654,0.640560792845,#N/A,#N/A,#N/A,#N/A,#N/A,#N/A,#N/A,#N/A,,,,,,,,,,,,,,,
2/15/1962,1.377872980953,0.886663851861,#N/A,#N/A,#N/A,#N/A,#N/A,#N/A,#N/A,1.6827,,,,,,,,,,,,,,,
5/15/1962,1.436897685960,1.260783012608,#N/A,#N/A,#N/A,#N/A,#N/A,#N/A,#N/A,1.6827,,,,,,,,,,,,,,,
8/15/1962,1.327204826199,1.172156768454,#N/A,#N/A,#N/A,#N/A,#N/A,#N/A,#N/A,1.6827,,,,,,,,,,,,,,,
11/15/1962,1.272425058749,1.369040470758,#N/A,#N/A,#N/A,#N/A,#N/A,#N/A,#N/A,1.6827,,,,,,,,,,,,,,,
2/15/1963,1.239221061047,1.225636733230,#N/A,#N/A,#N/A,#N/A,#N/A,#N/A,#N/A,1.6827,,,,,,,,,,,,,,,
5/15/1963,1.234497667539,1.018706064578,#N/A,#N/A,#N/A,#N/A,#N/A,#N/A,#N/A,1.6827,,,,,,,,,,,,,,,
8/15/1963,1.287139941030,1.235814865427,#N/A,#N/A,#N/A,#N/A,#N/A,#N/A,#N/A,1.6827,,,,,,,,,,,,,,,
11/15/1963,1.590355990718,1.303163132330,#N/A,#N/A,#N/A,#N/A,#N/A,#N/A,#N/A,1.6827,,,,,,,,,,,,,,,
2/15/1964,1.680956678700,1.488394070049,#N/A,#N/A,#N/A,#N/A,#N/A,#N/A,#N/A,1.6827,,,,,,,,,,,,,,,
5/15/1964,1.595953919640,1.550981895382,#N/A,#N/A,#N/A,#N/A,#N/A,#N/A,#N/A,1.6827,,,,,,,,,,,,,,,
8/15/1964,1.489111571405,1.396795586595,#N/A,#N/A,#N/A,#N/A,#N/A,#N/A,#N/A,1.6827,,,,,,,,,,,,,,,
11/15/1964,1.253481894150,1.356566483452,#N/A,#N/A,#N/A,#N/A,#N/A,#N/A,#N/A,1.6827,,,,,,,,,,,,,,,
2/15/1965,1.209364251637,1.204679043240,#N/A,#N/A,#N/A,#N/A,#N/A,#N/A,#N/A,1.6827,,,,,,,,,,,,,,,
5/15/1965,1.227944023453,1.498257839721,#N/A,#N/A,#N/A,#N/A,#N/A,#N/A,#N/A,1.6827,,,,,,,,,,,,,,,
8/15/1965,1.263169507419,1.539619146843,#N/A,#N/A,#N/A,#N/A,#N/A,#N/A,#N/A,1.6827,,,,,,,,,,,,,,,
11/15/1965,1.342503438790,1.517249336564,#N/A,#N/A,#N/A,#N/A,#N/A,#N/A,#N/A,1.6827,,,,,,,,,,,,,,,
2/15/1966,1.463494847621,1.972397929845,#N/A,#N/A,#N/A,#N/A,#N/A,#N/A,#N/A,1.6827,,,,,,,,,,,,,,,
5/15/1966,1.967105622644,2.288591372011,#N/A,#N/A,#N/A,#N/A,#N/A,#N/A,#N/A,1.6827,,,,,,,,,,,,,,,
8/15/1966,2.489377927879,2.684831556746,#N/A,#N/A,#N/A,#N/A,#N/A,#N/A,#N/A,1.6827,,,,,,,,,,,,,,,
11/15/1966,3.034909604213,3.159629482298,#N/A,#N/A,#N/A,#N/A,#N/A,#N/A,#N/A,1.6827,,,,,,,,,,,,,,,
2/15/1967,3.084652368862,2.667343371116,#N/A,#N/A,#N/A,#N/A,#N/A,#N/A,#N/A,1.6827,,,,,,,,,,,,,,,
5/15/1967,2.941964524945,2.315695267927,#N/A,#N/A,#N/A,#N/A,#N/A,#N/A,#N/A,1.6827,,,,,,,,,,,,,,,
8/15/1967,3.029497741164,2.486954590874,#N/A,#N/A,#N/A,#N/A,#N/A,#N/A,#N/A,1.6827,,,,,,,,,,,,,,,
11/15/1967,3.172094003583,2.578086266733,#N/A,#N/A,#N/A,#N/A,#N/A,#N/A,#N/A,1.6827,,,,,,,,,,,,,,,
2/15/1968,3.778429933969,3.367021860925,#N/A,#N/A,#N/A,#N/A,#N/A,#N/A,#N/A,1.6827,,,,,,,,,,,,,,,
5/15/1968,4.284226965122,3.936146949486,#N/A,#N/A,#N/A,#N/A,#N/A,#N/A,#N/A,1.6827,,,,,,,,,,,,,,,
8/15/1968,4.503482073768,4.046148846279,#N/A,#N/A,#N/A,#N/A,#N/A,#N/A,#N/A,2.5154,,,,,,,,,,,,,,,
11/15/1968,4.662921348315,4.296224692551,#N/A,#N/A,#N/A,#N/A,#N/A,#N/A,#N/A,2.5154,,,,,,,,,,,,,,,
2/15/1969,4.615462303691,4.197885116106,#N/A,#N/A,#N/A,#N/A,#N/A,#N/A,#N/A,2.5154,,,,,,,,,,,,,,,
5/15/1969,4.652323665951,4.455081001473,#N/A,#N/A,#N/A,#N/A,#N/A,#N/A,#N/A,2.6198,,,,,,,,,,,,,,,
8/15/1969,4.684569059137,4.648862512364,#N/A,#N/A,#N/A,#N/A,#N/A,#N/A,#N/A,2.6787,,,,,,,,,,,,,,,
11/15/1969,4.699165568731,4.701096750940,#N/A,#N/A,#N/A,#N/A,#N/A,#N/A,#N/A,2.6787,,,,,,,,,,,,,,,
2/15/1970,4.696625959357,4.900810852160,#N/A,#N/A,#N/A,#N/A,#N/A,#N/A,#N/A,2.6787,,,,,,,,,,,,,,,
5/15/1970,4.626758883854,4.728334760058,#N/A,#N/A,#N/A,#N/A,#N/A,#N/A,#N/A,2.6787,,,,,,,,,,,,,,,
8/15/1970,4.583392276135,4.467217192319,#N/A,#N/A,#N/A,#N/A,#N/A,#N/A,#N/A,2.8353,,,,,,,,,,,,,,,
11/15/1970,4.823825503356,4.612963509393,#N/A,#N/A,#N/A,#N/A,#N/A,#N/A,#N/A,3.0976,,,,,,,,,,,,,,,
2/15/1971,5.006915629322,4.394749635391,#N/A,#N/A,#N/A,#N/A,#N/A,#N/A,#N/A,3.0976,,,,,,,,,,,,,,,
5/15/1971,5.019375427399,4.423502259833,#N/A,#N/A,#N/A,#N/A,#N/A,#N/A,#N/A,3.0976,,,,,,,,,,,,,,,
8/15/1971,4.842418503990,4.438095238095,#N/A,#N/A,#N/A,#N/A,#N/A,#N/A,#N/A,3.0976,,,,,,,,,,,,,,,
11/15/1971,3.974923302654,3.742008273787,#N/A,#N/A,#N/A,#N/A,#N/A,#N/A,#N/A,3.4937,,,,,,,,,,,,,,,
2/15/1972,3.657358623112,3.851168855360,#N/A,#N/A,#N/A,#N/A,#N/A,#N/A,#N/A,3.4937,,,,,,,,,,,,,,,
5/15/1972,3.181976037507,3.273782116217,#N/A,#N/A,#N/A,#N/A,#N/A,#N/A,#N/A,3.4937,,,,,,,,,,,,,,,
8/15/1972,2.988861652260,3.164326098851,#N/A,#N/A,#N/A,#N/A,#N/A,#N/A,#N/A,3.4937,,,,,,,,,,,,,,,
11/15/1972,3.048963010477,3.366866050390,#N/A,#N/A,#N/A,#N/A,#N/A,#N/A,#N/A,3.9173,,,,,,,,,,,,,,,
2/15/1973,2.782837053666,3.520021523698,#N/A,#N/A,#N/A,#N/A,#N/A,#N/A,#N/A,3.9173,,,,,,,,,,,,,,,
5/15/1973,3.483528966301,4.908823398279,#N/A,#N/A,#N/A,#N/A,#N/A,#N/A,#N/A,3.9173,,,,,,,,,,,,,,,
8/15/1973,4.075496909972,5.887032617343,#N/A,#N/A,#N/A,#N/A,#N/A,#N/A,#N/A,3.9173,,,,,,,,,,,,,,,
11/15/1973,4.867623869201,7.176362281356,#N/A,#N/A,#N/A,#N/A,#N/A,#N/A,#N/A,3.9173,,,,,,,,,,,,,,,
2/15/1974,5.925986977664,9.053105778394,#N/A,#N/A,#N/A,#N/A,#N/A,#N/A,#N/A,4.211033333,,,,,,,,,,,,,,,
5/15/1974,7.098426637395,10.025499362516,#N/A,#N/A,#N/A,#N/A,#N/A,#N/A,#N/A,4.889733333,,,,,,,,,,,,,,,
8/15/1974,8.714492055850,10.973370064279,#N/A,#N/A,#N/A,#N/A,#N/A,#N/A,#N/A,5.0722,,,,,,,,,,,,,,,
11/15/1974,9.841320090222,11.514234293194,#N/A,#N/A,#N/A,#N/A,#N/A,#N/A,#N/A,5.0722,,,,,,,,,,,,,,,
2/15/1975,10.103485838780,10.327295837305,#N/A,#N/A,#N/A,#N/A,#N/A,#N/A,#N/A,5.0722,,,,,,,,,,,,,,,
5/15/1975,9.068822837186,8.605971648190,#N/A,#N/A,#N/A,#N/A,#N/A,#N/A,#N/A,5.095066667,,,,,,,,,,,,,,,
8/15/1975,7.628432240921,7.733102644149,#N/A,#N/A,#N/A,#N/A,#N/A,#N/A,#N/A,5.1408,,,,,,,,,,,,,,,
11/15/1975,6.772822249442,6.826101309467,#N/A,#N/A,#N/A,#N/A,#N/A,#N/A,#N/A,5.1408,,,,,,,,,,,,,,,
2/15/1976,6.314264513621,6.005184331797,#N/A,#N/A,#N/A,#N/A,#N/A,#N/A,#N/A,4.878833333,,,,,,,,,,,,,,,
5/15/1976,5.975915355701,5.598036774905,#N/A,#N/A,#N/A,#N/A,#N/A,#N/A,#N/A,4.402866667,,,,,,,,,,,,,,,
8/15/1976,6.045331413092,5.233390357155,#N/A,#N/A,#N/A,#N/A,#N/A,#N/A,#N/A,4.4988,,,,,,,,,,,,,,,
11/15/1976,5.978810985896,5.129789864030,#N/A,#N/A,#N/A,#N/A,#N/A,#N/A,#N/A,4.4988,,,,,,,,,,,,,,,
2/15/1977,6.151954267482,5.861975275099,#N/A,#N/A,#N/A,#N/A,#N/A,#N/A,#N/A,4.4988,,,,,,,,,,,,,,,
5/15/1977,6.496108246576,6.779832272406,#N/A,#N/A,#N/A,#N/A,#N/A,#N/A,#N/A,4.616,,,,,,,,,,,,,,,
8/15/1977,6.596391385889,6.764647335943,#N/A,#N/A,#N/A,#N/A,#N/A,#N/A,#N/A,4.8504,,,,,,,,,,,,,,,
11/15/1977,6.478828398599,6.597426350513,#N/A,#N/A,#N/A,#N/A,#N/A,#N/A,#N/A,4.8504,,,,,,,,,,,,,,,
2/15/1978,6.349603932496,6.429258902791,#N/A,#N/A,#N/A,#N/A,#N/A,#N/A,#N/A,5.038633333,,,,,,,,,,,,,,,
5/15/1978,6.556264841028,6.784632853899,#N/A,#N/A,#N/A,#N/A,#N/A,#N/A,#N/A,5.4151,,,,,,,,,,,,,,,
8/15/1978,6.612873870048,7.047636804326,#N/A,#N/A,#N/A,#N/A,#N/A,#N/A,#N/A,5.4151,,,,,,,,,,,,,,,
11/15/1978,6.972641650471,7.543354372204,#N/A,#N/A,#N/A,#N/A,#N/A,#N/A,#N/A,5.659166667,,,,,,,,,,,,,,,
2/15/1979,6.768333971207,7.801290166998,#N/A,#N/A,#N/A,#N/A,#N/A,#N/A,#N/A,6.1473,,,,,,,,,,,,,,,
5/15/1979,7.264202818858,8.518682617043,#N/A,#N/A,#N/A,#N/A,#N/A,#N/A,#N/A,6.1473,,,,,,,,,,,,,,,
8/15/1979,7.400557673704,9.291996864931,#N/A,#N/A,#N/A,#N/A,#N/A,#N/A,#N/A,6.7167,,,,,,,,,,,,,,,
11/15/1979,7.706068144339,9.863247863248,#N/A,#N/A,#N/A,#N/A,#N/A,#N/A,#N/A,6.7167,,,,,,,,,,,,,,,
2/15/1980,8.854023051894,11.064817403948,#N/A,#N/A,#N/A,#N/A,#N/A,#N/A,#N/A,6.7167,,,,,,,,,,,,,,,
5/15/1980,8.895664139438,10.756961267318,#N/A,#N/A,#N/A,#N/A,#N/A,#N/A,#N/A,6.7167,,,,,,,,,,,,,,,
8/15/1980,9.304050653032,10.605577689243,#N/A,#N/A,#N/A,#N/A,#N/A,#N/A,#N/A,6.7167,,,,,,,,,,,,,,,
11/15/1980,9.679763325894,10.660754110264,#N/A,#N/A,#N/A,#N/A,#N/A,#N/A,#N/A,7.0525,,,,,,,,,,,,,,,
2/15/1981,9.435874053246,10.224325889373,#N/A,#N/A,#N/A,#N/A,#N/A,#N/A,#N/A,7.7241,,,,,,,,,,,,,,,
5/15/1981,9.063429137760,9.397655501216,#N/A,#N/A,#N/A,#N/A,#N/A,#N/A,#N/A,7.47,,,,,,,,,,,,,,,
8/15/1981,8.652657601978,8.656917128929,7.910374747767,#N/A,#N/A,#N/A,#N/A,#N/A,#N/A,7.22,,,,,,,,,,,,,,,
11/15/1981,7.954760552716,7.658238230263,7.796482200655,#N/A,#N/A,#N/A,#N/A,#N/A,#N/A,7.33,,,,,,,,,,,,,,,
2/15/1982,7.157076061293,6.269986295112,6.149518286519,#N/A,#N/A,#N/A,#N/A,#N/A,#N/A,6.76,,,,,,,,,,,,,,,
5/15/1982,6.592757508292,5.521734246883,5.081123817138,#N/A,#N/A,#N/A,#N/A,#N/A,#N/A,6.359999,,,,,,,,,,,,,,,
8/15/1982,6.341876910036,5.452174681754,6.047882064533,#N/A,#N/A,#N/A,#N/A,#N/A,#N/A,6.365573262,,,,,,,,,,,,,,,
11/15/1982,5.939595844475,5.006421279467,4.698208570935,#N/A,#N/A,#N/A,#N/A,#N/A,#N/A,6.199999,,,,,,,,,,,,,,,
2/15/1983,5.782606817298,4.545943041376,3.697948340252,#N/A,#N/A,#N/A,#N/A,#N/A,#N/A,5.92,,,,,,,,,,,,,,,
5/15/1983,5.170502983802,4.496199944649,4.199497146161,#N/A,#N/A,#N/A,#N/A,#N/A,#N/A,6.18,,,,,,,,,,,,,,,
8/15/1983,5.082648095318,4.222990673792,4.237491780337,#N/A,#N/A,#N/A,#N/A,#N/A,#N/A,6.229999,,,,,,,,,,,,,,,
11/15/1983,4.468718967229,3.766505669451,4.724991076386,#N/A,#N/A,#N/A,#N/A,#N/A,#N/A,6.25,,,,,,,,,,,,,,,
2/15/1984,4.155520614241,4.027549342105,4.262144985154,#N/A,#N/A,#N/A,#N/A,#N/A,#N/A,6.18,,,,,,,,,,,,,,,
5/15/1984,4.573825639363,4.082713659978,4.686889381392,#N/A,#N/A,#N/A,#N/A,#N/A,#N/A,6.102458508,,,,,,,,,,,,,,,
8/15/1984,3.978440962172,3.525035190026,4.248455360732,#N/A,#N/A,#N/A,#N/A,#N/A,#N/A,5.649999,,,,,,,,,,,,,,,
11/15/1984,3.885456273764,3.481960925327,3.949748384698,#N/A,#N/A,#N/A,#N/A,#N/A,#N/A,5.3,,,,,,,,,,,,,,,
2/15/1985,4.250480335647,3.583074764323,3.486967728759,#N/A,#N/A,#N/A,#N/A,#N/A,#N/A,4.953389831,,,,,,,,,,,,,,,
5/15/1985,3.937755556847,3.421480162070,3.937156317257,#N/A,#N/A,#N/A,#N/A,#N/A,#N/A,5.0749995,,,,,,,,,,,,,,,
8/15/1985,4.027799109200,3.434143309442,3.699446695808,#N/A,#N/A,#N/A,#N/A,#N/A,#N/A,5.295,,,,,,,,,,,,,,,
11/15/1985,4.035609439933,3.517306615702,3.299589766263,#N/A,#N/A,#N/A,#N/A,#N/A,#N/A,5.211310475,,,,,,,,,,,,,,,
2/15/1986,3.744311129499,3.035564374571,3.087316425577,#N/A,#N/A,#N/A,#N/A,#N/A,#N/A,4.877118119,,,,,,,,,,,,,,,
5/15/1986,3.555514123240,2.098907962223,1.960581991478,#N/A,#N/A,#N/A,#N/A,#N/A,#N/A,4.851427912,,,,,,,,,,,,,,,
8/15/1986,3.207470564352,1.838463127453,2.999709207657,#N/A,#N/A,#N/A,#N/A,#N/A,#N/A,4.718851951,,,,,,,,,,,,,,,
11/15/1986,3.303710490151,1.743654775003,3.112189432441,#N/A,#N/A,#N/A,#N/A,#N/A,#N/A,4.705217054,,,,,,,,,,,,,,,
2/15/1987,2.840569201486,1.979519656315,3.424460598148,#N/A,#N/A,#N/A,#N/A,#N/A,#N/A,4.8849995,,,,,,,,,,,,,,,
5/15/1987,3.132764394512,3.071590108627,4.012479780102,#N/A,#N/A,#N/A,#N/A,#N/A,#N/A,4.895737197,,,,,,,,,,,,,,,
8/15/1987,3.345611901867,3.503595795685,4.049748258301,#N/A,#N/A,#N/A,#N/A,#N/A,#N/A,5.080819672,,,,,,,,,,,,,,,
11/15/1987,3.554578026890,3.770299497782,3.999928137930,#N/A,#N/A,#N/A,#N/A,#N/A,#N/A,4.74,,,,,,,,,,,,,,,
2/15/1988,3.900796728478,3.613451481697,3.674840637185,#N/A,#N/A,#N/A,#N/A,#N/A,#N/A,4.835,,,,,,,,,,,,,,,
5/15/1988,4.151391362033,3.756991529234,4.137306172811,#N/A,#N/A,#N/A,#N/A,#N/A,#N/A,4.645,,,,,,,,,,,,,,,
8/15/1988,4.415606886409,4.049527881703,4.649940447794,#N/A,#N/A,#N/A,#N/A,#N/A,#N/A,4.52,,,,,,,,,,,,,,,
11/15/1988,4.521941694358,4.200300273779,4.599982131509,#N/A,#N/A,#N/A,#N/A,#N/A,#N/A,4.266847826,,,,,,,,,,,,,,,
2/15/1989,4.651794045296,4.572219690863,4.524901576104,#N/A,#N/A,#N/A,#N/A,#N/A,#N/A,4.29,,,,,,,,,,,,,,,
5/15/1989,4.339591015756,4.823892394093,4.936804844369,#N/A,#N/A,#N/A,#N/A,#N/A,#N/A,4.34,,,,,,,,,,,,,,,
8/15/1989,3.919001773079,4.159032926391,4.274913271008,#N/A,#N/A,#N/A,#N/A,#N/A,#N/A,4.13,,,,,,,,,,,,,,,
11/15/1989,3.710137327521,3.927584628685,3.849963971169,#N/A,#N/A,#N/A,#N/A,#N/A,#N/A,3.905737705,,,,,,,,,,,,,,,
2/15/1990,3.773890771151,4.236563824974,4.149653492047,#N/A,#N/A,#N/A,#N/A,#N/A,#N/A,3.655737705,,,,,,,,,,,,,,,
5/15/1990,3.985606194477,3.785035138487,3.824775269362,#N/A,#N/A,#N/A,#N/A,#N/A,#N/A,3.87,,,,,,,,,,,,,,,
8/15/1990,4.260747544330,4.486125723304,4.523299695480,#N/A,#N/A,#N/A,#N/A,#N/A,#N/A,3.988032787,,,,,,,,,,,,,,,
11/15/1990,4.182599627090,5.043222965259,5.040241366288,#N/A,#N/A,#N/A,#N/A,#N/A,#N/A,3.898360656,,,,,,,,,,,,,,,
2/15/1991,3.910021088807,4.085274682873,3.362371154028,#N/A,#N/A,#N/A,#N/A,#N/A,#N/A,3.91220339,,,,,,,,,,,,,,,
5/15/1991,3.554765950873,3.712319163852,3.286456809320,#N/A,#N/A,#N/A,#N/A,#N/A,#N/A,3.94,,,,,,,,,,,,,,,
8/15/1991,3.442738284596,3.107251301899,3.322156935145,#N/A,#N/A,#N/A,#N/A,#N/A,#N/A,3.68,,,,,,,,,,,,,,,
11/15/1991,3.388288110658,2.499922362660,3.124894203071,#N/A,#N/A,#N/A,#N/A,#N/A,#N/A,3.6,,,,,,,,,,,,,,,
2/15/1992,3.262274872967,2.602718566574,2.974821409938,#N/A,#N/A,#N/A,#N/A,#N/A,#N/A,3.3,,,,,,,,,,,,,,,
5/15/1992,3.195536393609,2.723753341322,3.124948634258,#N/A,#N/A,#N/A,#N/A,#N/A,#N/A,3.5,,,,,,,,,,,,,,,
8/15/1992,2.880165594736,2.682495117188,2.924893998003,#N/A,#N/A,#N/A,#N/A,#N/A,#N/A,3.35,,,,,,,,,,,,,,,
11/15/1992,2.825414056655,2.652548021572,2.874966691615,#N/A,#N/A,#N/A,#N/A,#N/A,#N/A,3.2,,,,,,,,,,,,,,,
2/15/1993,2.748660610296,2.622506586376,2.837455300715,#N/A,#N/A,#N/A,#N/A,#N/A,#N/A,3.1,,,,,,,,,,,,,,,
5/15/1993,2.803116823038,2.627604049830,2.999927442714,#N/A,#N/A,#N/A,#N/A,#N/A,#N/A,3.3,,,,,,,,,,,,,,,
8/15/1993,2.767917451102,2.420721015247,2.837115146228,#N/A,#N/A,#N/A,#N/A,#N/A,#N/A,3.05,,,,,,,,,,,,,,,
11/15/1993,2.545189961908,2.297714091761,2.717497967764,#N/A,#N/A,#N/A,#N/A,#N/A,#N/A,3.05,,,,,,,,,,,,,,,
2/15/1994,2.305316254818,2.055246673610,2.799921157647,#N/A,#N/A,#N/A,#N/A,#N/A,#N/A,3.05,,,,,,,,,,,,,,,
5/15/1994,2.217628529643,1.941011890884,2.924966690148,#N/A,#N/A,#N/A,#N/A,#N/A,#N/A,3.1,,,,,,,,,,,,,,,
8/15/1994,2.217902641626,2.228573915819,3.000000000000,#N/A,#N/A,#N/A,#N/A,#N/A,#N/A,3.1,,,,,,,,,,,,,,,
11/15/1994,2.212112358613,2.119157530294,3.062443299530,#N/A,#N/A,#N/A,#N/A,#N/A,#N/A,3.1,,,,,,,,,,,,,,,
2/15/1995,2.283838621664,2.253909843606,3.012443272083,#N/A,#N/A,#N/A,#N/A,#N/A,#N/A,2.9,,,,,,,,,,,,,,,
5/15/1995,2.202534083562,2.277145634399,3.174942592672,#N/A,#N/A,#N/A,#N/A,#N/A,#N/A,2.95,,,,,,,,,,,,,,,
8/15/1995,2.119159997264,1.962843639563,2.874869627741,#N/A,#N/A,#N/A,#N/A,#N/A,#N/A,2.8,,,,,,,,,,,,,,,
11/15/1995,2.112513101120,1.933916286429,2.549890522673,#N/A,#N/A,#N/A,#N/A,#N/A,#N/A,2.6,,,,,,,,,,,,,,,
2/15/1996,1.978280886097,2.000393612236,2.449987834549,2.143522833178,2.143522833178,2.143522833178,1.901211563217,1.894362605914,1.890513811001,2.6,,,,,,,,,,,,,,,
5/15/1996,1.860277291695,2.089477141539,2.674651403724,1.851851851852,1.851851851852,1.851851851852,2.027088854693,2.034545320995,2.033516855893,2.6,,,,,,,,,,,,,,,
8/15/1996,1.839397674294,2.107402355168,2.624893688905,1.843317972350,1.843317972350,1.843317972350,2.039349166900,2.026496928134,2.049814116871,2.6,,,,,,,,,,,,,,,
11/15/1996,1.907516762420,2.353169433743,2.724990903210,2.018348623853,1.926605504587,1.926605504587,2.323359885970,2.303693477582,2.274146848373,2.6,,,,,,,,,,,,,,,
2/15/1997,1.908037125065,2.236800396918,2.724990903210,2.074385451887,2.065247189984,2.046970666179,2.200528165995,2.200528165995,2.171797943508,2.6,,,,,,,,,,,,,,,
5/15/1997,1.953166296649,1.812606100433,2.549744584073,2.207745204488,2.234889612740,2.216793340572,2.130919508826,2.150438690306,2.142445921728,2.45,,,,,,,,,,,,,,,
8/15/1997,1.727245221464,1.646763727575,2.374576378823,1.843359410125,1.897311392860,1.861343404370,1.881681738182,1.920325180055,1.894878872210,2.6,,,,,,,,,,,,,,,
11/15/1997,1.471550032701,1.275454939341,2.274966496834,1.564315723608,1.555376776616,1.528559935640,1.486795113667,1.479509544919,1.460965003751,2.25,,,,,,,,,,,,,,,
2/15/1998,1.373289902280,0.838478337063,1.832244552802,1.387776888177,1.423360910951,1.458944933725,0.993528826290,1.021122516640,1.051554607372,2.2,,,,,,,,,,,,,,,
5/15/1998,1.156189241737,0.767803356282,1.899387011538,1.106648817492,1.079875055779,1.070950468541,0.854829029137,0.832103531346,0.829242123828,2.1,,,,,,,,,,,,,,,
8/15/1998,1.278934436829,0.812724639236,2.049792091984,1.095085470085,1.095085470085,1.112891737892,0.733389513654,0.737987249396,0.748547169797,2.1,,,,,,,,,,,,,,,
11/15/1998,1.280051563004,0.763389395438,1.887326350093,1.181277200462,1.163513633538,1.199040767386,0.774241031328,0.717748502935,0.747434203981,2.1,,,,,,,,,,,,,,,
2/15/1999,1.236440285846,0.953157585156,1.787399736544,1.186996190982,1.204712552042,1.257861635220,0.998346544866,1.010687120318,1.056803361010,1.9,,,,,,,,,,,,,,,
5/15/1999,1.277517234310,1.345094009795,2.024771322541,1.333333333333,1.324503311258,1.236203090508,1.455038511943,1.446685910685,1.377165704131,2.1,,,,,,,,,,,,,,,
8/15/1999,1.290874500441,1.589729945457,2.004975194342,1.318723940657,1.309027441094,1.299330941530,1.673477330220,1.673477330220,1.663747810858,2.1,,,,,,,,,,,,,,,
11/15/1999,1.444608492007,1.935809152304,2.212497714065,1.507683386489,1.488354112303,1.483050847458,1.988746604579,1.988746604579,1.992841249879,2.1,,,,,,,,,,,,,,,
2/15/2000,1.720285402331,2.562336957241,2.162491611668,1.573594319708,1.554404145078,1.659950105546,2.438789280895,2.419510314247,2.506265664160,2.1,,,,,,,,,,,,,,,
5/15/2000,1.721934741077,2.467510237402,2.449647768254,1.706061761342,1.696530690050,1.639344262295,2.476099426386,2.466539196941,2.418738049713,2.1,,,,,,,,,,,,,,,
8/15/2000,1.837892348418,2.564001833301,2.487473403323,1.700712589074,1.691211401425,1.596199524941,2.473834443387,2.464319695528,2.388201712655,2.1,,,,,,,,,,,,,,,
11/15/2000,1.864421665433,2.522517832040,2.474893622435,1.655785788627,1.561169457848,1.561169457848,2.375319390556,2.318538847355,2.318538847355,2.1,,,,,,,,,,,,,,,
2/15/2001,1.990739007252,2.449258895832,2.224942114000,1.693958215697,1.665725578769,1.665725578769,2.261212234941,2.242446988178,2.242446988178,2.1,,,,,,,,,,,,,,,
5/15/2001,2.021144278607,2.441500366225,2.349738631671,1.703800786370,1.647631529676,1.582100730200,2.322544538756,2.275907098218,2.219942169574,2.1,,,,,,,,,,,,,,,
8/15/2001,1.793583205427,1.835986874864,2.224966462661,1.249417249417,1.277389277389,1.296037296037,1.520630505331,1.539174779787,1.557719054242,2.1,,,,,,,,,,,,,,,
11/15/2001,1.779797755854,1.305131655791,1.637270648079,1.616349280074,1.560613098003,1.597770552717,1.282642797822,1.254959859740,1.282642797822,2.15,,,,,,,,,,,,,,,
2/15/2002,1.434235645406,0.762454473276,1.649447292003,1.172343764424,1.209267977476,1.301578510108,0.640849583448,0.668314565596,0.741554517990,2.1,,,,,,,,,,,,,,,
5/15/2002,1.608046327339,1.036113445642,2.174479345976,1.639344262295,1.630134463069,1.694603057653,1.094491061656,1.085370302809,1.140094855892,2.1,,,,,,,,,,,,,,,
8/15/2002,1.886012378856,1.508255914545,1.887387635119,1.994851994852,1.967273395845,1.958080529509,1.623791278964,1.596424010217,1.587301587302,2.1,,,,,,,,,,,,,,,
11/15/2002,1.757145968972,1.939995488383,1.912485480921,1.652666179693,1.597881665449,1.652666179693,1.875455207575,1.793517844137,1.848142753095,2.05,,,,,,,,,,,,,,,
2/15/2003,1.757793649262,2.513945518673,1.899828910305,1.519424984078,1.483031571286,1.483031571286,2.278917741057,2.251679680407,2.251679680407,2.1,,,,,,,,,,,,,,,
5/15/2003,1.584997120369,1.861025239922,1.719908824378,1.304111573990,1.249773591741,1.285998913240,1.776535305257,1.731445576698,1.758499413834,2.1,,,,,,,,,,,,,,,
8/15/2003,1.509762734520,2.004594634652,1.399735687499,1.298350013524,1.274344794422,1.049479592917,1.930675287356,1.912715517241,1.697169456732,2.1,,,,,,,,,,,,,,,
11/15/2003,1.603120614609,2.029701753092,1.824966331268,0.860489433343,0.863367324425,0.972727185518,1.417425601950,1.431820580981,1.520109785707,2.1,,,,,,,,,,,,,,,
2/15/2004,1.847175291956,2.036259821385,1.302448235883,1.251986140092,1.186898175623,1.250071788196,1.613502720939,1.560132282444,1.610643590306,2.1,,,,,,,,,,,,,,,
5/15/2004,2.043347309986,2.620481193477,2.006904297667,1.551377466909,1.520883560926,1.509448346182,2.332120567309,2.302672201693,2.289351192173,2.1,,,,,,,,,,,,,,,
8/15/2004,1.941142581684,2.449538062891,2.174552737074,1.455682963470,1.454732158138,1.501321619412,2.167680647939,2.167680647939,2.206473710604,2.1,,,,,,,,,,,,,,,
11/15/2004,2.036659877800,2.819514898847,2.022409582323,1.567371383627,1.562633259734,1.601485875653,2.520635819065,2.544219612282,2.574406867601,2.1,,,,,,,,,,,,,,,
2/15/2005,2.201320093594,2.625757775041,1.912485480921,1.633657299611,1.617631809655,1.566727312148,2.291783642149,2.278682388171,2.237507018529,2.05,,,,,,,,,,,,,,,
5/15/2005,2.122808032872,2.583258112024,2.299198269991,1.988482321485,1.945478002356,1.979133556457,2.546050014340,2.510893800479,2.537723542636,2.1,,,,,,,,,,,,,,,
8/15/2005,2.155609891124,3.184020801324,2.239875542181,1.947689040407,1.916019299912,1.948620503363,3.094465543306,3.070498875410,3.099074517901,2.1,,,,,,,,,,,,,,,
11/15/2005,2.283937871384,3.124230954027,2.465424935286,1.904982404149,1.897573624745,1.958696054825,2.972760368073,2.979163236559,3.028556793443,2.1,,,,,,,,,,,,,,,
2/15/2006,2.149349613869,3.060737046919,2.054789274436,1.875397037296,1.863428376773,1.874476371102,2.965361664969,2.956265463542,2.964452044826,2.1,,,,,,,,,,,,,,,
5/15/2006,2.456108535742,3.312454411782,2.371605146039,2.265366246409,2.256216948160,2.232428772713,3.301784748513,3.293672255273,3.274743104381,2.1,,,,,,,,,,,,,,,
8/15/2006,2.608018244838,2.943736827637,2.604189184280,2.414063354354,2.394014508074,2.373965661794,2.865250252081,2.848296108578,2.832234288417,2.1,,,,,,,,,,,,,,,
11/15/2006,2.365277855661,1.962522301390,1.611817295027,2.265029252477,2.218841130975,2.191671647739,1.895050189151,1.876445208331,1.854296421642,2.1,,,,,,,,,,,,,,,
2/15/2007,2.478785918980,2.362756624763,2.014803665636,2.237279583360,2.229170233279,2.278727372661,2.179029485654,2.173740579135,2.212525893605,2,,,,,,,,,,,,,,,
5/15/2007,2.090800477897,2.334364353595,2.383629734349,2.021971735302,1.997836794165,2.006775661253,2.347606174239,2.327548617773,2.332781023807,2,,,,,,,,,,,,,,,
8/15/2007,2.042186107413,2.177492934553,1.977444468706,1.873461370968,1.877905064922,1.922342004461,2.098677711731,2.102143736028,2.137670485070,2.1,,,,,,,,,,,,,,,
11/15/2007,2.308433946140,3.386978133428,2.212131235379,2.126455082617,2.119378692991,2.079574001345,3.354958616677,3.400119850968,3.366248925249,2.1,,,,,,,,,,,,,,,
2/15/2008,2.144629178273,3.284518366355,2.499829410639,2.012661566869,1.995076057329,2.042556933087,3.378139827261,3.363500934306,3.401389833719,2.2,,,,,,,,,,,,,,,
5/15/2008,2.148754957415,3.411268685320,2.607058311216,2.237283386310,2.237283386310,2.260050262257,3.653855995087,3.653855995087,3.665796700954,2.2,,,,,,,,,,,,,,,
8/15/2008,2.169529539892,3.927867495726,2.771939999876,2.452154673032,2.389435263988,2.338040192688,4.393527113055,4.341818613365,4.299434597225,2.2,,,,,,,,,,,,,,,
11/15/2008,1.386791745644,1.238613701288,0.793009835537,1.844829974375,1.897638340605,1.936595332087,1.743820300115,1.886412628648,1.923318878386,2.2,,,,,,,,,,,,,,,
2/15/2009,0.852197070573,-0.256629597947,0.435268442090,1.753645896107,1.755367688838,1.781194579796,0.768188355794,0.769019728474,0.791466790818,2.2,,,,,,,,,,,,,,,
5/15/2009,0.824237023836,-0.824949698189,1.207274347374,1.613446006581,1.620924319474,1.622793897697,-0.199044220838,-0.191706185047,-0.189871676099,2.27,,,,,,,,,,,,,,,
8/15/2009,0.667011429959,-1.196588361030,1.632172191935,1.330212165125,1.314420540259,1.277263775870,-0.642949770116,-0.657459214858,-0.691919146119,2.15,,,,,,,,,,,,,,,
11/15/2009,1.374160294056,1.181932406244,1.504750930589,1.422134871044,1.466634528026,1.517623718317,1.267741490974,1.181388085067,1.226402094529,2.1,,,,,,,,,,,,,,,
2/15/2010,1.721679429628,2.263078902230,1.542229837487,1.384818762538,1.380196537029,1.404232109676,1.989875425315,1.985264963255,2.004628903909,2.1,,,,,,,,,,,,,,,
5/15/2010,1.598173515982,2.015995557976,1.549603151033,1.490104344142,1.466159527735,1.462475709826,1.935483870968,1.911589008363,1.909750942009,2.15,,,,,,,,,,,,,,,
8/15/2010,1.394378453183,1.513319759057,1.462399107401,1.287274061841,1.292779154051,1.218460409212,1.430683041661,1.436157594117,1.372287815471,2.1,,,,,,,,,,,,,,,
11/15/2010,1.085676776728,1.380703822192,1.449819307817,0.807842922474,0.837965878906,0.807842922474,1.150154532189,1.155592615083,1.128402200611,2,,,,,,,,,,,,,,,
2/15/2011,1.183739162037,1.838747890262,1.587179617426,0.864524466042,0.857244260013,0.888185135639,1.554539634449,1.543719172956,1.571672031812,2.1,,,,,,,,,,,,,,,
5/15/2011,1.501579247139,2.680580705262,2.116759698469,1.260134184317,1.281015370369,1.305528067038,2.487732717564,2.505772838793,2.527420984269,2.27,,,,,,,,,,,,,,,
8/15/2011,1.808443539131,2.957491929839,1.624935400096,1.640191023352,1.627504462951,1.633847743152,2.874856032249,2.862258854017,2.868557443133,2.25,,,,,,,,,,,,,,,
11/15/2011,1.849122336862,2.639719315728,1.714972096820,1.737022092750,1.795827528181,1.794018130168,2.552989531937,2.672982726353,2.672087254753,2.15,,,,,,,,,,,,,,,
2/15/2012,2.044230078506,2.459210458593,1.797413500379,1.936681596568,1.938483999171,1.982642862936,2.296291697340,2.298952522018,2.337091009073,2.15,,,,,,,,,,,,,,,
5/15/2012,1.870121920114,1.707441386340,2.019963984502,1.805571734514,1.810052061398,1.795715015368,1.648288789348,1.653568945641,1.639488528860,2.2,,,,,,,,,,,,,,,
8/15/2012,1.700148280555,1.533169632892,1.884749694848,1.639051882502,1.583762863614,1.581979346876,1.503154173921,1.453282353250,1.451532464805,2.2,,,,,,,,,,,,,,,
11/15/2012,1.787214232945,1.766805894073,1.954959638152,1.474666666667,1.494222222222,1.518222222222,1.498346321329,1.567285959875,1.587356993883,2.1,,,,,,,,,,,,,,,
2/15/2013,1.554753260859,1.461812044126,1.762259243010,1.258817913403,1.283569951026,1.284453952370,1.192541196878,1.214223764094,1.215091066782,2,,,,,,,,,,,,,,,
5/15/2013,1.445196698982,1.288900025056,1.732253042609,1.221262992669,1.219348787351,1.176279167704,1.104491725768,1.103546099291,1.066666666667,2,,,,,,,,,,,,,,,
8/15/2013,1.545897579292,1.405086693649,1.817435116671,1.176930633578,1.189329416590,1.171208118342,1.128134622809,1.139434802671,1.124367896189,2,,,,,,,,,,,,,,,
11/15/2013,1.592777816443,1.262099258641,1.759884904385,1.126565069828,1.162691207088,1.167444646202,0.891935998199,0.979160023260,0.983849486973,2,,,,,,,,,,,,,,,
2/15/2014,1.534911816840,1.383318975334,1.559883511247,1.140778078869,1.133198158079,1.123723257092,1.069133562188,1.061650562628,1.053232188123,2,,,,,,,,,,,,,,,
5/15/2014,1.726708197174,1.818703555278,1.699981569460,1.480047225502,1.480047225502,1.484769775679,1.590488820816,1.591422754357,1.595158488522,2,,,,,,,,,,,,,,,
8/15/2014,1.724951811494,1.694080081994,1.957490589982,1.476678086060,1.486089673606,1.476678086060,1.484375000000,1.491815476190,1.484375000000,2,,,,,,,,,,,,,,,
11/15/2014,1.520830682808,1.153136531365,1.629727252069,1.414594335994,1.408965976567,1.414594335994,1.100297804043,1.120708049987,1.124419003794,2,,,,,,,,,,,,,,,
2/15/2015,1.370290540606,0.251010880394,1.125191750071,1.328070930211,1.314042011934,1.323394624119,0.280150893154,0.268131217870,0.275527941122,2,,,,,,,,,,,,,,,
5/15/2015,1.304347826087,0.235182071740,1.674990776420,1.284999072872,1.293343222696,1.301687372520,0.237359898091,0.244691477955,0.251106610336,1.98,,,,,,,,,,,,,,,
8/15/2015,1.219087762718,0.193817230352,1.677376383894,1.280582452509,1.288897922980,1.297213393451,0.259500552809,0.266810427536,0.273206567922,2,,,,,,,,,,,,,,,
11/15/2015,1.148117800164,0.210534485937,1.524206890925,1.362237091928,1.388044019245,1.376983907537,0.414372221511,0.478403249117,0.468341230493,1.9,,,,,,,,,,,,,,,
2/15/2016,1.372933864419,0.681975390431,1.388289786877,1.654131190349,1.671601169569,1.641258574082,1.025782434855,1.038650673285,1.011995036537,1.97,,,,,,,,,,,,,,,
5/15/2016,1.487775904353,0.825084108163,1.772448043736,1.592540110618,1.608995748960,1.613566759611,0.937225957322,0.952755042385,0.956408944753,2,,,,,,,,,,,,,,,
8/15/2016,1.653310919875,0.959473836928,1.809833319797,1.688075066047,1.684431083174,1.690808053202,1.032026524812,1.029293886177,1.035670042994,2,,,,,,,,,,,,,,,
11/15/2016,1.803175571355,1.537448687166,1.874988587028,1.706707843226,1.698533085063,1.722149053091,1.476904597241,1.419575583300,1.442325192007,2,,,,,,,,,,,,,,,
2/15/2017,1.826033312770,2.041744481968,2.024990814076,1.705269436186,1.722439610689,1.702558356001,1.968736643963,1.983286198838,1.965099255245,2.1,,,,,,,,,,,,,,,
5/15/2017,1.684019747586,1.691476267405,1.809373253047,1.523070971689,1.518572829421,1.520372086328,1.557595766813,1.553977658179,1.553977658179,2.09,,,,,,,,,,,,,,,
8/15/2017,1.559710607911,1.689946542507,1.812240928524,1.349028735118,1.360666010205,1.353504610151,1.494136931030,1.504944431435,1.499540681233,2,,,,,,,,,,,,,,,
11/15/2017,1.704768859181,1.887943857508,1.832479775707,1.487277399094,1.499768031120,1.499768031120,1.687533047149,1.680363496232,1.681259690096,2,,,,,,,,,,,,,,,
2/15/2018,1.866920187531,1.995201653817,1.954965324728,1.660893507416,1.617372768452,1.607602806644,1.803953724665,1.764737339347,1.755824524501,2,,,,,,,,,,,,,,,
5/15/2018,2.062736142442,2.300687463948,2.024990814076,1.901154803015,1.914150978426,1.940143329249,2.157279992434,2.168629119970,2.191327375041,2,,,,,,,,,,,,,,,
8/15/2018,2.063095568508,2.261036685320,2.054992773000,1.985162161662,1.961110802760,1.983312057131,2.185462903651,2.164738686461,2.183578883907,2,,,,,,,,,,,,,,,
11/15/2018,2.015850661365,1.993336827132,2.152493789625,1.900528282438,1.906970751192,1.906970751192,1.867637289119,1.873251429267,1.873251429267,2,,,,,,,,,,,,,,,
2/15/2019,1.687223218534,1.434588171853,1.932034552458,1.678841471229,1.619340546676,1.658702696765,1.404337636249,1.351326215543,1.386667162680,2,,,,,,,,,,,,,,,
5/15/2019,1.673594498968,1.526103675220,2.027450447032,1.542289917690,1.527705615868,1.555962700648,1.409415861022,1.395525428751,1.420528206838,2,,,,,,,,,,,,,,,
8/15/2019,1.766678752719,1.469423101726,1.842476333753,1.700624682211,1.687005157260,1.689729062250,1.407580271739,1.395589089869,1.397433887080,2,,,,,,,,,,,,,,,
11/15/2019,1.640364886447,1.491934743912,1.877370684095,1.585723068022,1.575778396557,1.575778396557,1.452579708013,1.405692641489,1.405692641489,2,,,,,,,,,,,,,,,
2/15/2020,1.798697091851,1.703024747938,1.852437315056,1.751095561847,1.724946349029,1.733963318966,1.644945306257,1.626576291112,1.636679249442,2,,,,,,,,,,,,,,,
5/15/2020,1.016254707782,0.610005917968,0.746556665225,0.946572815360,0.976125230598,1.023588200527,0.574157446731,0.602409638554,0.646154967829,1.86,,,,,,,,,,,,,,,
8/15/2020,1.456323651231,1.240228434461,1.444844704280,1.415430690245,1.424343981746,1.404734740445,1.211537762924,1.218803356704,1.201547571475,1.85,,,,,,,,,,,,,,,
11/15/2020,1.427468108338,1.189744331537,1.837453291411,1.410702864047,1.413367919835,1.381387250373,1.196066190773,1.210542029694,1.181590351853,1.9,,,,,,,,,,,,,,,
2/15/2021,1.657312060812,1.830422321960,2.022245388853,1.546533129252,1.604926256558,1.602272023499,1.736981656175,1.787485795711,1.784780216807,2.03,,,,,,,,,,,,,,,
5/15/2021,3.375871199710,3.861363739197,2.429421712176,3.362587341369,3.379413561934,3.375871199710,3.848694629202,3.864078548482,3.861363739197,2.1,,,,,,,,,,,,,,,
8/15/2021,3.635517628880,4.277758347010,2.762421496948,3.610057592358,3.617081050709,3.635517628880,4.255338229887,4.261615862681,4.277758347010,2.2,,,,,,,,,,,,,,,
11/15/2021,4.587983020437,5.497283968265,2.925387948689,4.555599317317,4.584482079559,4.587983020437,5.529447501966,5.494603673790,5.497283968265,2.3,,,,,,,,,,,,,,,
2/15/2022,5.215198678376,6.294418040694,3.193804590429,5.215198678376,5.215198678376,5.215198678376,6.294418040694,6.294418040694,6.294418040694,2.27,,,,,,,,,,,,,,,
5/15/2022,4.821048849472,6.171122117808,3.321336774678,4.821048849472,4.821048849472,4.821048849472,6.171122117808,6.171122117808,6.171122117808,2.243,,,,,,,,,,,,,,,
,,,,,,,,,,,,,,,,,,,,,,,,,
,,,,,,,,,,,,,,,,,,,,,,,,,
,,,,,,,,,,,,,,,,,,,,,,,,,
,,,,,,,,,,,,,,,,,,,,,,,,,
,,,,,,,,,,,,,,,,,,,,,,,,,
,,,,,,,,,,,,,,,,,,,,,,,,,
,,,,,,,,,,,,,,,,,,,,,,,,,
,,,,,,,,,,,,,,,,,,,,,,,,,
,,,,,,,,,,,,,,,,,,,,,,,,,
,,,,,,,,,,,,,,,,,,,,,,,,,
,,,,,,,,,,,,,,,,,,,,,,,,,
,,,,,,,,,,,,,,,,,,,,,,,,,
,,,,,,,,,,,,,,,,,,,,,,,,,
,,,,,,,,,,,,,,,,,,,,,,,,,
,,,,,,,,,,,,,,,,,,,,,,,,,
,,,,,,,,,,,,,,,,,,,,,,,,,
,,,,,,,,,,,,,,,,,,,,,,,,,
,,,,,,,,,,,,,,,,,,,,,,,,,
,,,,,,,,,,,,,,,,,,,,,,,,,
,,,,,,,,,,,,,,,,,,,,,,,,,
,,,,,,,,,,,,,,,,,,,,,,,,,
,,,,,,,,,,,,,,,,,,,,,,,,,
,,,,,,,,,,,,,,,,,,,,,,,,,
,,,,,,,,,,,,,,,,,,,,,,,,,
,,,,,,,,,,,,,,,,,,,,,,,,,
,,,,,,,,,,,,,,,,,,,,,,,,,
,,,,,,,,,,,,,,,,,,,,,,,,,
,,,,,,,,,,,,,,,,,,,,,,,,,
,,,,,,,,,,,,,,,,,,,,,,,,,
,,,,,,,,,,,,,,,,,,,,,,,,,
,,,,,,,,,,,,,,,,,,,,,,,,,
,,,,,,,,,,,,,,,,,,,,,,,,,
,,,,,,,,,,,,,,,,,,,,,,,,,
,,,,,,,,,,,,,,,,,,,,,,,,,
,,,,,,,,,,,,,,,,,,,,,,,,,
,,,,,,,,,,,,,,,,,,,,,,,,,
,,,,,,,,,,,,,,,,,,,,,,,,,
,,,,,,,,,,,,,,,,,,,,,,,,,
,,,,,,,,,,,,,,,,,,,,,,,,,
,,,,,,,,,,,,,,,,,,,,,,,,,
,,,,,,,,,,,,,,,,,,,,,,,,,
,,,,,,,,,,,,,,,,,,,,,,,,,
,,,,,,,,,,,,,,,,,,,,,,,,,
,,,,,,,,,,,,,,,,,,,,,,,,,
,,,,,,,,,,,,,,,,,,,,,,,,,
,,,,,,,,,,,,,,,,,,,,,,,,,
,,,,,,,,,,,,,,,,,,,,,,,,,
,,,,,,,,,,,,,,,,,,,,,,,,,
,,,,,,,,,,,,,,,,,,,,,,,,,
,,,,,,,,,,,,,,,,,,,,,,,,,
,,,,,,,,,,,,,,,,,,,,,,,,,
,,,,,,,,,,,,,,,,,,,,,,,,,
,,,,,,,,,,,,,,,,,,,,,,,,,
,,,,,,,,,,,,,,,,,,,,,,,,,
,,,,,,,,,,,,,,,,,,,,,,,,,
,,,,,,,,,,,,,,,,,,,,,,,,,
,,,,,,,,,,,,,,,,,,,,,,,,,
,,,,,,,,,,,,,,,,,,,,,,,,,
,,,,,,,,,,,,,,,,,,,,,,,,,
,,,,,,,,,,,,,,,,,,,,,,,,,
,,,,,,,,,,,,,,,,,,,,,,,,,
,,,,,,,,,,,,,,,,,,,,,,,,,
,,,,,,,,,,,,,,,,,,,,,,,,,
,,,,,,,,,,,,,,,,,,,,,,,,,
,,,,,,,,,,,,,,,,,,,,,,,,,
,,,,,,,,,,,,,,,,,,,,,,,,,
,,,,,,,,,,,,,,,,,,,,,,,,,
,,,,,,,,,,,,,,,,,,,,,,,,,
,,,,,,,,,,,,,,,,,,,,,,,,,
,,,,,,,,,,,,,,,,,,,,,,,,,
,,,,,,,,,,,,,,,,,,,,,,,,,
,,,,,,,,,,,,,,,,,,,,,,,,,
,,,,,,,,,,,,,,,,,,,,,,,,,
,,,,,,,,,,,,,,,,,,,,,,,,,
,,,,,,,,,,,,,,,,,,,,,,,,,
,,,,,,,,,,,,,,,,,,,,,,,,,
,,,,,,,,,,,,,,,,,,,,,,,,,
,,,,,,,,,,,,,,,,,,,,,,,,,
,,,,,,,,,,,,,,,,,,,,,,,,,
,,,,,,,,,,,,,,,,,,,,,,,,,
,,,,,,,,,,,,,,,,,,,,,,,,,
,,,,,,,,,,,,,,,,,,,,,,,,,
,,,,,,,,,,,,,,,,,,,,,,,,,
,,,,,,,,,,,,,,,,,,,,,,,,,
,,,,,,,,,,,,,,,,,,,,,,,,,
,,,,,,,,,,,,,,,,,,,,,,,,,
,,,,,,,,,,,,,,,,,,,,,,,,,
,,,,,,,,,,,,,,,,,,,,,,,,,
,,,,,,,,,,,,,,,,,,,,,,,,,
,,,,,,,,,,,,,,,,,,,,,,,,,
,,,,,,,,,,,,,,,,,,,,,,,,,
,,,,,,,,,,,,,,,,,,,,,,,,,
,,,,,,,,,,,,,,,,,,,,,,,,,
,,,,,,,,,,,,,,,,,,,,,,,,,
,,,,,,,,,,,,,,,,,,,,,,,,,
,,,,,,,,,,,,,,,,,,,,,,,,,
,,,,,,,,,,,,,,,,,,,,,,,,,
,,,,,,,,,,,,,,,,,,,,,,,,,
,,,,,,,,,,,,,,,,,,,,,,,,,
,,,,,,,,,,,,,,,,,,,,,,,,,
,,,,,,,,,,,,,,,,,,,,,,,,,
,,,,,,,,,,,,,,,,,,,,,,,,,
,,,,,,,,,,,,,,,,,,,,,,,,,
,,,,,,,,,,,,,,,,,,,,,,,,,
,,,,,,,,,,,,,,,,,,,,,,,,,
,,,,,,,,,,,,,,,,,,,,,,,,,
,,,,,,,,,,,,,,,,,,,,,,,,,
,,,,,,,,,,,,,,,,,,,,,,,,,
,,,,,,,,,,,,,,,,,,,,,,,,,
,,,,,,,,,,,,,,,,,,,,,,,,,
,,,,,,,,,,,,,,,,,,,,,,,,,
,,,,,,,,,,,,,,,,,,,,,,,,,
,,,,,,,,,,,,,,,,,,,,,,,,,
,,,,,,,,,,,,,,,,,,,,,,,,,
,,,,,,,,,,,,,,,,,,,,,,,,,
,,,,,,,,,,,,,,,,,,,,,,,,,
,,,,,,,,,,,,,,,,,,,,,,,,,
,,,,,,,,,,,,,,,,,,,,,,,,,
,,,,,,,,,,,,,,,,,,,,,,,,,
,,,,,,,,,,,,,,,,,,,,,,,,,
,,,,,,,,,,,,,,,,,,,,,,,,,
,,,,,,,,,,,,,,,,,,,,,,,,,
,,,,,,,,,,,,,,,,,,,,,,,,,
,,,,,,,,,,,,,,,,,,,,,,,,,
,,,,,,,,,,,,,,,,,,,,,,,,,
,,,,,,,,,,,,,,,,,,,,,,,,,
,,,,,,,,,,,,,,,,,,,,,,,,,
,,,,,,,,,,,,,,,,,,,,,,,,,
,,,,,,,,,,,,,,,,,,,,,,,,,
,,,,,,,,,,,,,,,,,,,,,,,,,
,,,,,,,,,,,,,,,,,,,,,,,,,
,,,,,,,,,,,,,,,,,,,,,,,,,
,,,,,,,,,,,,,,,,,,,,,,,,,
,,,,,,,,,,,,,,,,,,,,,,,,,
,,,,,,,,,,,,,,,,,,,,,,,,,
,,,,,,,,,,,,,,,,,,,,,,,,,
,,,,,,,,,,,,,,,,,,,,,,,,,
,,,,,,,,,,,,,,,,,,,,,,,,,
,,,,,,,,,,,,,,,,,,,,,,,,,
,,,,,,,,,,,,,,,,,,,,,,,,,
,,,,,,,,,,,,,,,,,,,,,,,,,
,,,,,,,,,,,,,,,,,,,,,,,,,
,,,,,,,,,,,,,,,,,,,,,,,,,
,,,,,,,,,,,,,,,,,,,,,,,,,
,,,,,,,,,,,,,,,,,,,,,,,,,
,,,,,,,,,,,,,,,,,,,,,,,,,
,,,,,,,,,,,,,,,,,,,,,,,,,
,,,,,,,,,,,,,,,,,,,,,,,,,
,,,,,,,,,,,,,,,,,,,,,,,,,
,,,,,,,,,,,,,,,,,,,,,,,,,
,,,,,,,,,,,,,,,,,,,,,,,,,
,,,,,,,,,,,,,,,,,,,,,,,,,
,,,,,,,,,,,,,,,,,,,,,,,,,
,,,,,,,,,,,,,,,,,,,,,,,,,
,,,,,,,,,,,,,,,,,,,,,,,,,
,,,,,,,,,,,,,,,,,,,,,,,,,
,,,,,,,,,,,,,,,,,,,,,,,,,
,,,,,,,,,,,,,,,,,,,,,,,,,
,,,,,,,,,,,,,,,,,,,,,,,,,
,,,,,,,,,,,,,,,,,,,,,,,,,
,,,,,,,,,,,,,,,,,,,,,,,,,
,,,,,,,,,,,,,,,,,,,,,,,,,
,,,,,,,,,,,,,,,,,,,,,,,,,
,,,,,,,,,,,,,,,,,,,,,,,,,
,,,,,,,,,,,,,,,,,,,,,,,,,
,,,,,,,,,,,,,,,,,,,,,,,,,
,,,,,,,,,,,,,,,,,,,,,,,,,
,,,,,,,,,,,,,,,,,,,,,,,,,
,,,,,,,,,,,,,,,,,,,,,,,,,
,,,,,,,,,,,,,,,,,,,,,,,,,
,,,,,,,,,,,,,,,,,,,,,,,,,
,,,,,,,,,,,,,,,,,,,,,,,,,
,,,,,,,,,,,,,,,,,,,,,,,,,
,,,,,,,,,,,,,,,,,,,,,,,,,
,,,,,,,,,,,,,,,,,,,,,,,,,
,,,,,,,,,,,,,,,,,,,,,,,,,
,,,,,,,,,,,,,,,,,,,,,,,,,
,,,,,,,,,,,,,,,,,,,,,,,,,
,,,,,,,,,,,,,,,,,,,,,,,,,
,,,,,,,,,,,,,,,,,,,,,,,,,
,,,,,,,,,,,,,,,,,,,,,,,,,
,,,,,,,,,,,,,,,,,,,,,,,,,
,,,,,,,,,,,,,,,,,,,,,,,,,
,,,,,,,,,,,,,,,,,,,,,,,,,
,,,,,,,,,,,,,,,,,,,,,,,,,
,,,,,,,,,,,,,,,,,,,,,,,,,
,,,,,,,,,,,,,,,,,,,,,,,,,
,,,,,,,,,,,,,,,,,,,,,,,,,
,,,,,,,,,,,,,,,,,,,,,,,,,
,,,,,,,,,,,,,,,,,,,,,,,,,
,,,,,,,,,,,,,,,,,,,,,,,,,
,,,,,,,,,,,,,,,,,,,,,,,,,
,,,,,,,,,,,,,,,,,,,,,,,,,
,,,,,,,,,,,,,,,,,,,,,,,,,
,,,,,,,,,,,,,,,,,,,,,,,,,
,,,,,,,,,,,,,,,,,,,,,,,,,
,,,,,,,,,,,,,,,,,,,,,,,,,
,,,,,,,,,,,,,,,,,,,,,,,,,
,,,,,,,,,,,,,,,,,,,,,,,,,
,,,,,,,,,,,,,,,,,,,,,,,,,
,,,,,,,,,,,,,,,,,,,,,,,,,
,,,,,,,,,,,,,,,,,,,,,,,,,
,,,,,,,,,,,,,,,,,,,,,,,,,
,,,,,,,,,,,,,,,,,,,,,,,,,
,,,,,,,,,,,,,,,,,,,,,,,,,
,,,,,,,,,,,,,,,,,,,,,,,,,
,,,,,,,,,,,,,,,,,,,,,,,,,
,,,,,,,,,,,,,,,,,,,,,,,,,
,,,,,,,,,,,,,,,,,,,,,,,,,
,,,,,,,,,,,,,,,,,,,,,,,,,
,,,,,,,,,,,,,,,,,,,,,,,,,
,,,,,,,,,,,,,,,,,,,,,,,,,
,,,,,,,,,,,,,,,,,,,,,,,,,
,,,,,,,,,,,,,,,,,,,,,,,,,
,,,,,,,,,,,,,,,,,,,,,,,,,
,,,,,,,,,,,,,,,,,,,,,,,,,
,,,,,,,,,,,,,,,,,,,,,,,,,
,,,,,,,,,,,,,,,,,,,,,,,,,
,,,,,,,,,,,,,,,,,,,,,,,,,
,,,,,,,,,,,,,,,,,,,,,,,,,
,,,,,,,,,,,,,,,,,,,,,,,,,
,,,,,,,,,,,,,,,,,,,,,,,,,
,,,,,,,,,,,,,,,,,,,,,,,,,
,,,,,,,,,,,,,,,,,,,,,,,,,
,,,,,,,,,,,,,,,,,,,,,,,,,
,,,,,,,,,,,,,,,,,,,,,,,,,
,,,,,,,,,,,,,,,,,,,,,,,,,
,,,,,,,,,,,,,,,,,,,,,,,,,
,,,,,,,,,,,,,,,,,,,,,,,,,
,,,,,,,,,,,,,,,,,,,,,,,,,
,,,,,,,,,,,,,,,,,,,,,,,,,
,,,,,,,,,,,,,,,,,,,,,,,,,
,,,,,,,,,,,,,,,,,,,,,,,,,
,,,,,,,,,,,,,,,,,,,,,,,,,
,,,,,,,,,,,,,,,,,,,,,,,,,
,,,,,,,,,,,,,,,,,,,,,,,,,
,,,,,,,,,,,,,,,,,,,,,,,,,
,,,,,,,,,,,,,,,,,,,,,,,,,
,,,,,,,,,,,,,,,,,,,,,,,,,
,,,,,,,,,,,,,,,,,,,,,,,,,
,,,,,,,,,,,,,,,,,,,,,,,,,
,,,,,,,,,,,,,,,,,,,,,,,,,
,,,,,,,,,,,,,,,,,,,,,,,,,
,,,,,,,,,,,,,,,,,,,,,,,,,
,,,,,,,,,,,,,,,,,,,,,,,,,
,,,,,,,,,,,,,,,,,,,,,,,,,
,,,,,,,,,,,,,,,,,,,,,,,,,
,,,,,,,,,,,,,,,,,,,,,,,,,
,,,,,,,,,,,,,,,,,,,,,,,,,
,,,,,,,,,,,,,,,,,,,,,,,,,
,,,,,,,,,,,,,,,,,,,,,,,,,
,,,,,,,,,,,,,,,,,,,,,,,,,
,,,,,,,,,,,,,,,,,,,,,,,,,
,,,,,,,,,,,,,,,,,,,,,,,,,
,,,,,,,,,,,,,,,,,,,,,,,,,
,,,,,,,,,,,,,,,,,,,,,,,,,
,,,,,,,,,,,,,,,,,,,,,,,,,
,,,,,,,,,,,,,,,,,,,,,,,,,
,,,,,,,,,,,,,,,,,,,,,,,,,
,,,,,,,,,,,,,,,,,,,,,,,,,
,,,,,,,,,,,,,,,,,,,,,,,,,
,,,,,,,,,,,,,,,,,,,,,,,,,
,,,,,,,,,,,,,,,,,,,,,,,,,
,,,,,,,,,,,,,,,,,,,,,,,,,
,,,,,,,,,,,,,,,,,,,,,,,,,
,,,,,,,,,,,,,,,,,,,,,,,,,
,,,,,,,,,,,,,,,,,,,,,,,,,
,,,,,,,,,,,,,,,,,,,,,,,,,
,,,,,,,,,,,,,,,,,,,,,,,,,
,,,,,,,,,,,,,,,,,,,,,,,,,
,,,,,,,,,,,,,,,,,,,,,,,,,
,,,,,,,,,,,,,,,,,,,,,,,,,
,,,,,,,,,,,,,,,,,,,,,,,,,
,,,,,,,,,,,,,,,,,,,,,,,,,
,,,,,,,,,,,,,,,,,,,,,,,,,
,,,,,,,,,,,,,,,,,,,,,,,,,
,,,,,,,,,,,,,,,,,,,,,,,,,
,,,,,,,,,,,,,,,,,,,,,,,,,
,,,,,,,,,,,,,,,,,,,,,,,,,
,,,,,,,,,,,,,,,,,,,,,,,,,
,,,,,,,,,,,,,,,,,,,,,,,,,
,,,,,,,,,,,,,,,,,,,,,,,,,
,,,,,,,,,,,,,,,,,,,,,,,,,
,,,,,,,,,,,,,,,,,,,,,,,,,
,,,,,,,,,,,,,,,,,,,,,,,,,
,,,,,,,,,,,,,,,,,,,,,,,,,
,,,,,,,,,,,,,,,,,,,,,,,,,
,,,,,,,,,,,,,,,,,,,,,,,,,
,,,,,,,,,,,,,,,,,,,,,,,,,
,,,,,,,,,,,,,,,,,,,,,,,,,
,,,,,,,,,,,,,,,,,,,,,,,,,
,,,,,,,,,,,,,,,,,,,,,,,,,
,,,,,,,,,,,,,,,,,,,,,,,,,
,,,,,,,,,,,,,,,,,,,,,,,,,
,,,,,,,,,,,,,,,,,,,,,,,,,
,,,,,,,,,,,,,,,,,,,,,,,,,
,,,,,,,,,,,,,,,,,,,,,,,,,
,,,,,,,,,,,,,,,,,,,,,,,,,
,,,,,,,,,,,,,,,,,,,,,,,,,
,,,,,,,,,,,,,,,,,,,,,,,,,
,,,,,,,,,,,,,,,,,,,,,,,,,
,,,,,,,,,,,,,,,,,,,,,,,,,
,,,,,,,,,,,,,,,,,,,,,,,,,
,,,,,,,,,,,,,,,,,,,,,,,,,
,,,,,,,,,,,,,,,,,,,,,,,,,
,,,,,,,,,,,,,,,,,,,,,,,,,
,,,,,,,,,,,,,,,,,,,,,,,,,
,,,,,,,,,,,,,,,,,,,,,,,,,
,,,,,,,,,,,,,,,,,,,,,,,,,
,,,,,,,,,,,,,,,,,,,,,,,,,
,,,,,,,,,,,,,,,,,,,,,,,,,
,,,,,,,,,,,,,,,,,,,,,,,,,
,,,,,,,,,,,,,,,,,,,,,,,,,
,,,,,,,,,,,,,,,,,,,,,,,,,
,,,,,,,,,,,,,,,,,,,,,,,,,
,,,,,,,,,,,,,,,,,,,,,,,,,
,,,,,,,,,,,,,,,,,,,,,,,,,
,,,,,,,,,,,,,,,,,,,,,,,,,
,,,,,,,,,,,,,,,,,,,,,,,,,
,,,,,,,,,,,,,,,,,,,,,,,,,
,,,,,,,,,,,,,,,,,,,,,,,,,
,,,,,,,,,,,,,,,,,,,,,,,,,
,,,,,,,,,,,,,,,,,,,,,,,,,
,,,,,,,,,,,,,,,,,,,,,,,,,
,,,,,,,,,,,,,,,,,,,,,,,,,
,,,,,,,,,,,,,,,,,,,,,,,,,
,,,,,,,,,,,,,,,,,,,,,,,,,
,,,,,,,,,,,,,,,,,,,,,,,,,
,,,,,,,,,,,,,,,,,,,,,,,,,
,,,,,,,,,,,,,,,,,,,,,,,,,
,,,,,,,,,,,,,,,,,,,,,,,,,
,,,,,,,,,,,,,,,,,,,,,,,,,
,,,,,,,,,,,,,,,,,,,,,,,,,
,,,,,,,,,,,,,,,,,,,,,,,,,
,,,,,,,,,,,,,,,,,,,,,,,,,
,,,,,,,,,,,,,,,,,,,,,,,,,
,,,,,,,,,,,,,,,,,,,,,,,,,
,,,,,,,,,,,,,,,,,,,,,,,,,
,,,,,,,,,,,,,,,,,,,,,,,,,
,,,,,,,,,,,,,,,,,,,,,,,,,
,,,,,,,,,,,,,,,,,,,,,,,,,
,,,,,,,,,,,,,,,,,,,,,,,,,
,,,,,,,,,,,,,,,,,,,,,,,,,
,,,,,,,,,,,,,,,,,,,,,,,,,
,,,,,,,,,,,,,,,,,,,,,,,,,
,,,,,,,,,,,,,,,,,,,,,,,,,
,,,,,,,,,,,,,,,,,,,,,,,,,
,,,,,,,,,,,,,,,,,,,,,,,,,
,,,,,,,,,,,,,,,,,,,,,,,,,
,,,,,,,,,,,,,,,,,,,,,,,,,
,,,,,,,,,,,,,,,,,,,,,,,,,
,,,,,,,,,,,,,,,,,,,,,,,,,
,,,,,,,,,,,,,,,,,,,,,,,,,
,,,,,,,,,,,,,,,,,,,,,,,,,
,,,,,,,,,,,,,,,,,,,,,,,,,
,,,,,,,,,,,,,,,,,,,,,,,,,
,,,,,,,,,,,,,,,,,,,,,,,,,
,,,,,,,,,,,,,,,,,,,,,,,,,
,,,,,,,,,,,,,,,,,,,,,,,,,
,,,,,,,,,,,,,,,,,,,,,,,,,
,,,,,,,,,,,,,,,,,,,,,,,,,
,,,,,,,,,,,,,,,,,,,,,,,,,
,,,,,,,,,,,,,,,,,,,,,,,,,
,,,,,,,,,,,,,,,,,,,,,,,,,
,,,,,,,,,,,,,,,,,,,,,,,,,
,,,,,,,,,,,,,,,,,,,,,,,,,
,,,,,,,,,,,,,,,,,,,,,,,,,
,,,,,,,,,,,,,,,,,,,,,,,,,
,,,,,,,,,,,,,,,,,,,,,,,,,
,,,,,,,,,,,,,,,,,,,,,,,,,
,,,,,,,,,,,,,,,,,,,,,,,,,
,,,,,,,,,,,,,,,,,,,,,,,,,
,,,,,,,,,,,,,,,,,,,,,,,,,
,,,,,,,,,,,,,,,,,,,,,,,,,
,,,,,,,,,,,,,,,,,,,,,,,,,
,,,,,,,,,,,,,,,,,,,,,,,,,
,,,,,,,,,,,,,,,,,,,,,,,,,
,,,,,,,,,,,,,,,,,,,,,,,,,
,,,,,,,,,,,,,,,,,,,,,,,,,
,,,,,,,,,,,,,,,,,,,,,,,,,
,,,,,,,,,,,,,,,,,,,,,,,,,
,,,,,,,,,,,,,,,,,,,,,,,,,
,,,,,,,,,,,,,,,,,,,,,,,,,
,,,,,,,,,,,,,,,,,,,,,,,,,
,,,,,,,,,,,,,,,,,,,,,,,,,
,,,,,,,,,,,,,,,,,,,,,,,,,
,,,,,,,,,,,,,,,,,,,,,,,,,
,,,,,,,,,,,,,,,,,,,,,,,,,
,,,,,,,,,,,,,,,,,,,,,,,,,
,,,,,,,,,,,,,,,,,,,,,,,,,
,,,,,,,,,,,,,,,,,,,,,,,,,
,,,,,,,,,,,,,,,,,,,,,,,,,
,,,,,,,,,,,,,,,,,,,,,,,,,
,,,,,,,,,,,,,,,,,,,,,,,,,
,,,,,,,,,,,,,,,,,,,,,,,,,
,,,,,,,,,,,,,,,,,,,,,,,,,
,,,,,,,,,,,,,,,,,,,,,,,,,
,,,,,,,,,,,,,,,,,,,,,,,,,
,,,,,,,,,,,,,,,,,,,,,,,,,
,,,,,,,,,,,,,,,,,,,,,,,,,
,,,,,,,,,,,,,,,,,,,,,,,,,
,,,,,,,,,,,,,,,,,,,,,,,,,
,,,,,,,,,,,,,,,,,,,,,,,,,
,,,,,,,,,,,,,,,,,,,,,,,,,
,,,,,,,,,,,,,,,,,,,,,,,,,
,,,,,,,,,,,,,,,,,,,,,,,,,
,,,,,,,,,,,,,,,,,,,,,,,,,
,,,,,,,,,,,,,,,,,,,,,,,,,
,,,,,,,,,,,,,,,,,,,,,,,,,
,,,,,,,,,,,,,,,,,,,,,,,,,
,,,,,,,,,,,,,,,,,,,,,,,,,
,,,,,,,,,,,,,,,,,,,,,,,,,
,,,,,,,,,,,,,,,,,,,,,,,,,
,,,,,,,,,,,,,,,,,,,,,,,,,
,,,,,,,,,,,,,,,,,,,,,,,,,
,,,,,,,,,,,,,,,,,,,,,,,,,
,,,,,,,,,,,,,,,,,,,,,,,,,
,,,,,,,,,,,,,,,,,,,,,,,,,
,,,,,,,,,,,,,,,,,,,,,,,,,
,,,,,,,,,,,,,,,,,,,,,,,,,
,,,,,,,,,,,,,,,,,,,,,,,,,
,,,,,,,,,,,,,,,,,,,,,,,,,
,,,,,,,,,,,,,,,,,,,,,,,,,
,,,,,,,,,,,,,,,,,,,,,,,,,
,,,,,,,,,,,,,,,,,,,,,,,,,
,,,,,,,,,,,,,,,,,,,,,,,,,
,,,,,,,,,,,,,,,,,,,,,,,,,
,,,,,,,,,,,,,,,,,,,,,,,,,
,,,,,,,,,,,,,,,,,,,,,,,,,
,,,,,,,,,,,,,,,,,,,,,,,,,
,,,,,,,,,,,,,,,,,,,,,,,,,
,,,,,,,,,,,,,,,,,,,,,,,,,
,,,,,,,,,,,,,,,,,,,,,,,,,
,,,,,,,,,,,,,,,,,,,,,,,,,
,,,,,,,,,,,,,,,,,,,,,,,,,
,,,,,,,,,,,,,,,,,,,,,,,,,
,,,,,,,,,,,,,,,,,,,,,,,,,
,,,,,,,,,,,,,,,,,,,,,,,,,
,,,,,,,,,,,,,,,,,,,,,,,,,
,,,,,,,,,,,,,,,,,,,,,,,,,
,,,,,,,,,,,,,,,,,,,,,,,,,
,,,,,,,,,,,,,,,,,,,,,,,,,
,,,,,,,,,,,,,,,,,,,,,,,,,
,,,,,,,,,,,,,,,,,,,,,,,,,
,,,,,,,,,,,,,,,,,,,,,,,,,
,,,,,,,,,,,,,,,,,,,,,,,,,
,,,,,,,,,,,,,,,,,,,,,,,,,
,,,,,,,,,,,,,,,,,,,,,,,,,
,,,,,,,,,,,,,,,,,,,,,,,,,
,,,,,,,,,,,,,,,,,,,,,,,,,
,,,,,,,,,,,,,,,,,,,,,,,,,
,,,,,,,,,,,,,,,,,,,,,,,,,
,,,,,,,,,,,,,,,,,,,,,,,,,
,,,,,,,,,,,,,,,,,,,,,,,,,
,,,,,,,,,,,,,,,,,,,,,,,,,
,,,,,,,,,,,,,,,,,,,,,,,,,
,,,,,,,,,,,,,,,,,,,,,,,,,
,,,,,,,,,,,,,,,,,,,,,,,,,
,,,,,,,,,,,,,,,,,,,,,,,,,
,,,,,,,,,,,,,,,,,,,,,,,,,
,,,,,,,,,,,,,,,,,,,,,,,,,
,,,,,,,,,,,,,,,,,,,,,,,,,
,,,,,,,,,,,,,,,,,,,,,,,,,
,,,,,,,,,,,,,,,,,,,,,,,,,
,,,,,,,,,,,,,,,,,,,,,,,,,
,,,,,,,,,,,,,,,,,,,,,,,,,
,,,,,,,,,,,,,,,,,,,,,,,,,
,,,,,,,,,,,,,,,,,,,,,,,,,
,,,,,,,,,,,,,,,,,,,,,,,,,
,,,,,,,,,,,,,,,,,,,,,,,,,
,,,,,,,,,,,,,,,,,,,,,,,,,
,,,,,,,,,,,,,,,,,,,,,,,,,
,,,,,,,,,,,,,,,,,,,,,,,,,
,,,,,,,,,,,,,,,,,,,,,,,,,
,,,,,,,,,,,,,,,,,,,,,,,,,
,,,,,,,,,,,,,,,,,,,,,,,,,
,,,,,,,,,,,,,,,,,,,,,,,,,
,,,,,,,,,,,,,,,,,,,,,,,,,
,,,,,,,,,,,,,,,,,,,,,,,,,
,,,,,,,,,,,,,,,,,,,,,,,,,
,,,,,,,,,,,,,,,,,,,,,,,,,
,,,,,,,,,,,,,,,,,,,,,,,,,
,,,,,,,,,,,,,,,,,,,,,,,,,
,,,,,,,,,,,,,,,,,,,,,,,,,
,,,,,,,,,,,,,,,,,,,,,,,,,
,,,,,,,,,,,,,,,,,,,,,,,,,
,,,,,,,,,,,,,,,,,,,,,,,,,
,,,,,,,,,,,,,,,,,,,,,,,,,
,,,,,,,,,,,,,,,,,,,,,,,,,
,,,,,,,,,,,,,,,,,,,,,,,,,
,,,,,,,,,,,,,,,,,,,,,,,,,
,,,,,,,,,,,,,,,,,,,,,,,,,
,,,,,,,,,,,,,,,,,,,,,,,,,
,,,,,,,,,,,,,,,,,,,,,,,,,
,,,,,,,,,,,,,,,,,,,,,,,,,
,,,,,,,,,,,,,,,,,,,,,,,,,
,,,,,,,,,,,,,,,,,,,,,,,,,
,,,,,,,,,,,,,,,,,,,,,,,,,
,,,,,,,,,,,,,,,,,,,,,,,,,
,,,,,,,,,,,,,,,,,,,,,,,,,
,,,,,,,,,,,,,,,,,,,,,,,,,
,,,,,,,,,,,,,,,,,,,,,,,,,
,,,,,,,,,,,,,,,,,,,,,,,,,
,,,,,,,,,,,,,,,,,,,,,,,,,
,,,,,,,,,,,,,,,,,,,,,,,,,
,,,,,,,,,,,,,,,,,,,,,,,,,
,,,,,,,,,,,,,,,,,,,,,,,,,
,,,,,,,,,,,,,,,,,,,,,,,,,
,,,,,,,,,,,,,,,,,,,,,,,,,
,,,,,,,,,,,,,,,,,,,,,,,,,
,,,,,,,,,,,,,,,,,,,,,,,,,
,,,,,,,,,,,,,,,,,,,,,,,,,
,,,,,,,,,,,,,,,,,,,,,,,,,
,,,,,,,,,,,,,,,,,,,,,,,,,
,,,,,,,,,,,,,,,,,,,,,,,,,
,,,,,,,,,,,,,,,,,,,,,,,,,
,,,,,,,,,,,,,,,,,,,,,,,,,
,,,,,,,,,,,,,,,,,,,,,,,,,
,,,,,,,,,,,,,,,,,,,,,,,,,
,,,,,,,,,,,,,,,,,,,,,,,,,
,,,,,,,,,,,,,,,,,,,,,,,,,
,,,,,,,,,,,,,,,,,,,,,,,,,
,,,,,,,,,,,,,,,,,,,,,,,,,
,,,,,,,,,,,,,,,,,,,,,,,,,
,,,,,,,,,,,,,,,,,,,,,,,,,
,,,,,,,,,,,,,,,,,,,,,,,,,
,,,,,,,,,,,,,,,,,,,,,,,,,
,,,,,,,,,,,,,,,,,,,,,,,,,
,,,,,,,,,,,,,,,,,,,,,,,,,
,,,,,,,,,,,,,,,,,,,,,,,,,
,,,,,,,,,,,,,,,,,,,,,,,,,
,,,,,,,,,,,,,,,,,,,,,,,,,
,,,,,,,,,,,,,,,,,,,,,,,,,
,,,,,,,,,,,,,,,,,,,,,,,,,
,,,,,,,,,,,,,,,,,,,,,,,,,
,,,,,,,,,,,,,,,,,,,,,,,,,
,,,,,,,,,,,,,,,,,,,,,,,,,
,,,,,,,,,,,,,,,,,,,,,,,,,
,,,,,,,,,,,,,,,,,,,,,,,,,
,,,,,,,,,,,,,,,,,,,,,,,,,
,,,,,,,,,,,,,,,,,,,,,,,,,
,,,,,,,,,,,,,,,,,,,,,,,,,
,,,,,,,,,,,,,,,,,,,,,,,,,
,,,,,,,,,,,,,,,,,,,,,,,,,
,,,,,,,,,,,,,,,,,,,,,,,,,
,,,,,,,,,,,,,,,,,,,,,,,,,
,,,,,,,,,,,,,,,,,,,,,,,,,
,,,,,,,,,,,,,,,,,,,,,,,,,
,,,,,,,,,,,,,,,,,,,,,,,,,
,,,,,,,,,,,,,,,,,,,,,,,,,
,,,,,,,,,,,,,,,,,,,,,,,,,
,,,,,,,,,,,,,,,,,,,,,,,,,
,,,,,,,,,,,,,,,,,,,,,,,,,
,,,,,,,,,,,,,,,,,,,,,,,,,
,,,,,,,,,,,,,,,,,,,,,,,,,
,,,,,,,,,,,,,,,,,,,,,,,,,
,,,,,,,,,,,,,,,,,,,,,,,,,
,,,,,,,,,,,,,,,,,,,,,,,,,
,,,,,,,,,,,,,,,,,,,,,,,,,
,,,,,,,,,,,,,,,,,,,,,,,,,
,,,,,,,,,,,,,,,,,,,,,,,,,
,,,,,,,,,,,,,,,,,,,,,,,,,
,,,,,,,,,,,,,,,,,,,,,,,,,
,,,,,,,,,,,,,,,,,,,,,,,,,
,,,,,,,,,,,,,,,,,,,,,,,,,
,,,,,,,,,,,,,,,,,,,,,,,,,
,,,,,,,,,,,,,,,,,,,,,,,,,
,,,,,,,,,,,,,,,,,,,,,,,,,
,,,,,,,,,,,,,,,,,,,,,,,,,
,,,,,,,,,,,,,,,,,,,,,,,,,
,,,,,,,,,,,,,,,,,,,,,,,,,
,,,,,,,,,,,,,,,,,,,,,,,,,
,,,,,,,,,,,,,,,,,,,,,,,,,
,,,,,,,,,,,,,,,,,,,,,,,,,
,,,,,,,,,,,,,,,,,,,,,,,,,
,,,,,,,,,,,,,,,,,,,,,,,,,
,,,,,,,,,,,,,,,,,,,,,,,,,
,,,,,,,,,,,,,,,,,,,,,,,,,
,,,,,,,,,,,,,,,,,,,,,,,,,
,,,,,,,,,,,,,,,,,,,,,,,,,
,,,,,,,,,,,,,,,,,,,,,,,,,
,,,,,,,,,,,,,,,,,,,,,,,,,
,,,,,,,,,,,,,,,,,,,,,,,,,
,,,,,,,,,,,,,,,,,,,,,,,,,
,,,,,,,,,,,,,,,,,,,,,,,,,
,,,,,,,,,,,,,,,,,,,,,,,,,
,,,,,,,,,,,,,,,,,,,,,,,,,
,,,,,,,,,,,,,,,,,,,,,,,,,
,,,,,,,,,,,,,,,,,,,,,,,,,
,,,,,,,,,,,,,,,,,,,,,,,,,
,,,,,,,,,,,,,,,,,,,,,,,,,
,,,,,,,,,,,,,,,,,,,,,,,,,
,,,,,,,,,,,,,,,,,,,,,,,,,
,,,,,,,,,,,,,,,,,,,,,,,,,
,,,,,,,,,,,,,,,,,,,,,,,,,
,,,,,,,,,,,,,,,,,,,,,,,,,
,,,,,,,,,,,,,,,,,,,,,,,,,
,,,,,,,,,,,,,,,,,,,,,,,,,
,,,,,,,,,,,,,,,,,,,,,,,,,
