,2 percent,Implied rate derived from FOMC SEP Central Tendency,Implied rate derived from FOMC SEP Median,Laubach-Williams model 1-sided estimate,Laubach-Williams model 2-sided estimate,"Laubach-Williams model 1-sided estimate, real-time",Holston-Laubach-Williams model 1-sided estimate,"Holston-Laubach-Williams model 1-sided estimate, real-time",Lubik-Matthes model,,,,,,,,,,,,,,,,
,TwoPercent,RstarFOMCCentTend,RstarFOMCMedian,LWRstar1side,LWRstar2side,RstarLW1sideRT,RstarHLW1side,RstarHLW1sideRT,RstarLubikMatthes,,,,,,,,,,,,,,,,
2/15/1955,2.000000000000,#N/A,#N/A,#N/A,#N/A,#N/A,#N/A,#N/A,#N/A,,,,,,,,,,,,,,,,
5/15/1955,2.000000000000,#N/A,#N/A,#N/A,#N/A,#N/A,#N/A,#N/A,#N/A,,,,,,,,,,,,,,,,
8/15/1955,2.000000000000,#N/A,#N/A,#N/A,#N/A,#N/A,#N/A,#N/A,#N/A,,,,,,,,,,,,,,,,
11/15/1955,2.000000000000,#N/A,#N/A,#N/A,#N/A,#N/A,#N/A,#N/A,#N/A,,,,,,,,,,,,,,,,
2/15/1956,2.000000000000,#N/A,#N/A,#N/A,#N/A,#N/A,#N/A,#N/A,#N/A,,,,,,,,,,,,,,,,
5/15/1956,2.000000000000,#N/A,#N/A,#N/A,#N/A,#N/A,#N/A,#N/A,#N/A,,,,,,,,,,,,,,,,
8/15/1956,2.000000000000,#N/A,#N/A,#N/A,#N/A,#N/A,#N/A,#N/A,#N/A,,,,,,,,,,,,,,,,
11/15/1956,2.000000000000,#N/A,#N/A,#N/A,#N/A,#N/A,#N/A,#N/A,#N/A,,,,,,,,,,,,,,,,
2/15/1957,2.000000000000,#N/A,#N/A,#N/A,#N/A,#N/A,#N/A,#N/A,#N/A,,,,,,,,,,,,,,,,
5/15/1957,2.000000000000,#N/A,#N/A,#N/A,#N/A,#N/A,#N/A,#N/A,#N/A,,,,,,,,,,,,,,,,
8/15/1957,2.000000000000,#N/A,#N/A,#N/A,#N/A,#N/A,#N/A,#N/A,#N/A,,,,,,,,,,,,,,,,
11/15/1957,2.000000000000,#N/A,#N/A,#N/A,#N/A,#N/A,#N/A,#N/A,#N/A,,,,,,,,,,,,,,,,
2/15/1958,2.000000000000,#N/A,#N/A,#N/A,#N/A,#N/A,#N/A,#N/A,#N/A,,,,,,,,,,,,,,,,
5/15/1958,2.000000000000,#N/A,#N/A,#N/A,#N/A,#N/A,#N/A,#N/A,#N/A,,,,,,,,,,,,,,,,
8/15/1958,2.000000000000,#N/A,#N/A,#N/A,#N/A,#N/A,#N/A,#N/A,#N/A,,,,,,,,,,,,,,,,
11/15/1958,2.000000000000,#N/A,#N/A,#N/A,#N/A,#N/A,#N/A,#N/A,#N/A,,,,,,,,,,,,,,,,
2/15/1959,2.000000000000,#N/A,#N/A,#N/A,#N/A,#N/A,#N/A,#N/A,#N/A,,,,,,,,,,,,,,,,
5/15/1959,2.000000000000,#N/A,#N/A,#N/A,#N/A,#N/A,#N/A,#N/A,#N/A,,,,,,,,,,,,,,,,
8/15/1959,2.000000000000,#N/A,#N/A,#N/A,#N/A,#N/A,#N/A,#N/A,#N/A,,,,,,,,,,,,,,,,
11/15/1959,2.000000000000,#N/A,#N/A,#N/A,#N/A,#N/A,#N/A,#N/A,#N/A,,,,,,,,,,,,,,,,
2/15/1960,2.000000000000,#N/A,#N/A,#N/A,#N/A,#N/A,#N/A,#N/A,#N/A,,,,,,,,,,,,,,,,
5/15/1960,2.000000000000,#N/A,#N/A,#N/A,#N/A,#N/A,#N/A,#N/A,#N/A,,,,,,,,,,,,,,,,
8/15/1960,2.000000000000,#N/A,#N/A,#N/A,#N/A,#N/A,#N/A,#N/A,#N/A,,,,,,,,,,,,,,,,
11/15/1960,2.000000000000,#N/A,#N/A,#N/A,#N/A,#N/A,#N/A,#N/A,#N/A,,,,,,,,,,,,,,,,
2/15/1961,2.000000000000,#N/A,#N/A,5.600000000000,4.518400000000,#N/A,5.251131733831,#N/A,#N/A,,,,,,,,,,,,,,,,
5/15/1961,2.000000000000,#N/A,#N/A,6.151700000000,4.505900000000,#N/A,5.696069286579,#N/A,#N/A,,,,,,,,,,,,,,,,
8/15/1961,2.000000000000,#N/A,#N/A,6.065500000000,4.488200000000,#N/A,5.608128166647,#N/A,#N/A,,,,,,,,,,,,,,,,
11/15/1961,2.000000000000,#N/A,#N/A,5.896500000000,4.468600000000,#N/A,5.473676640967,#N/A,#N/A,,,,,,,,,,,,,,,,
2/15/1962,2.000000000000,#N/A,#N/A,5.551800000000,4.450300000000,#N/A,5.181526410634,#N/A,#N/A,,,,,,,,,,,,,,,,
5/15/1962,2.000000000000,#N/A,#N/A,4.789800000000,4.437800000000,#N/A,4.570576456252,#N/A,#N/A,,,,,,,,,,,,,,,,
8/15/1962,2.000000000000,#N/A,#N/A,4.569400000000,4.433800000000,#N/A,4.385755007615,#N/A,#N/A,,,,,,,,,,,,,,,,
11/15/1962,2.000000000000,#N/A,#N/A,3.986400000000,4.437700000000,#N/A,3.912288293842,#N/A,#N/A,,,,,,,,,,,,,,,,
2/15/1963,2.000000000000,#N/A,#N/A,3.961000000000,4.449100000000,#N/A,3.876061486578,#N/A,#N/A,,,,,,,,,,,,,,,,
5/15/1963,2.000000000000,#N/A,#N/A,3.939200000000,4.462400000000,#N/A,3.847416957801,#N/A,#N/A,,,,,,,,,,,,,,,,
8/15/1963,2.000000000000,#N/A,#N/A,4.328100000000,4.474900000000,#N/A,4.149506534492,#N/A,#N/A,,,,,,,,,,,,,,,,
11/15/1963,2.000000000000,#N/A,#N/A,4.054300000000,4.487100000000,#N/A,3.925481866868,#N/A,#N/A,,,,,,,,,,,,,,,,
2/15/1964,2.000000000000,#N/A,#N/A,4.384800000000,4.501200000000,#N/A,4.181617212744,#N/A,#N/A,,,,,,,,,,,,,,,,
5/15/1964,2.000000000000,#N/A,#N/A,4.305800000000,4.513500000000,#N/A,4.093903255996,#N/A,#N/A,,,,,,,,,,,,,,,,
8/15/1964,2.000000000000,#N/A,#N/A,4.421100000000,4.527400000000,#N/A,4.164506449627,#N/A,#N/A,,,,,,,,,,,,,,,,
11/15/1964,2.000000000000,#N/A,#N/A,4.166400000000,4.542100000000,#N/A,3.922769550921,#N/A,#N/A,,,,,,,,,,,,,,,,
2/15/1965,2.000000000000,#N/A,#N/A,4.579300000000,4.554600000000,#N/A,4.264450877660,#N/A,#N/A,,,,,,,,,,,,,,,,
5/15/1965,2.000000000000,#N/A,#N/A,4.579800000000,4.557700000000,#N/A,4.244558042472,#N/A,#N/A,,,,,,,,,,,,,,,,
8/15/1965,2.000000000000,#N/A,#N/A,4.845800000000,4.553400000000,#N/A,4.465058610909,#N/A,#N/A,,,,,,,,,,,,,,,,
11/15/1965,2.000000000000,#N/A,#N/A,5.081000000000,4.537100000000,#N/A,4.666017450010,#N/A,#N/A,,,,,,,,,,,,,,,,
2/15/1966,2.000000000000,#N/A,#N/A,5.347000000000,4.511500000000,#N/A,4.897374517980,#N/A,#N/A,,,,,,,,,,,,,,,,
5/15/1966,2.000000000000,#N/A,#N/A,5.164500000000,4.483900000000,#N/A,4.728462383211,#N/A,#N/A,,,,,,,,,,,,,,,,
8/15/1966,2.000000000000,#N/A,#N/A,5.185600000000,4.460400000000,#N/A,4.716001625755,#N/A,#N/A,,,,,,,,,,,,,,,,
11/15/1966,2.000000000000,#N/A,#N/A,5.211600000000,4.436200000000,#N/A,4.710613069563,#N/A,#N/A,,,,,,,,,,,,,,,,
2/15/1967,2.000000000000,#N/A,#N/A,5.146100000000,4.411100000000,#N/A,4.618284689073,#N/A,1.594397035446,,,,,,,,,,,,,,,,
5/15/1967,2.000000000000,#N/A,#N/A,5.003500000000,4.386500000000,#N/A,4.425021317854,#N/A,1.577209478158,,,,,,,,,,,,,,,,
8/15/1967,2.000000000000,#N/A,#N/A,5.115100000000,4.361900000000,#N/A,4.483044848301,#N/A,1.532997676981,,,,,,,,,,,,,,,,
11/15/1967,2.000000000000,#N/A,#N/A,5.146500000000,4.332500000000,#N/A,4.460848491165,#N/A,1.523472269668,,,,,,,,,,,,,,,,
2/15/1968,2.000000000000,#N/A,#N/A,5.434300000000,4.295900000000,#N/A,4.699863922458,#N/A,1.520069185389,,,,,,,,,,,,,,,,
5/15/1968,2.000000000000,#N/A,#N/A,5.573400000000,4.250200000000,#N/A,4.778433326315,#N/A,1.491600086416,,,,,,,,,,,,,,,,
8/15/1968,2.000000000000,#N/A,#N/A,5.516300000000,4.201800000000,#N/A,4.643682746048,#N/A,1.470002189964,,,,,,,,,,,,,,,,
11/15/1968,2.000000000000,#N/A,#N/A,5.439600000000,4.154400000000,#N/A,4.497666344743,#N/A,1.454121800064,,,,,,,,,,,,,,,,
2/15/1969,2.000000000000,#N/A,#N/A,5.556400000000,4.105400000000,#N/A,4.565754100620,#N/A,1.476413320131,,,,,,,,,,,,,,,,
5/15/1969,2.000000000000,#N/A,#N/A,5.463600000000,4.054800000000,#N/A,4.413959825778,#N/A,1.410222205677,,,,,,,,,,,,,,,,
8/15/1969,2.000000000000,#N/A,#N/A,5.427500000000,4.008800000000,#N/A,4.346173266440,#N/A,1.376355349331,,,,,,,,,,,,,,,,
11/15/1969,2.000000000000,#N/A,#N/A,5.182600000000,3.968600000000,#N/A,4.101170166194,#N/A,1.333623112956,,,,,,,,,,,,,,,,
2/15/1970,2.000000000000,#N/A,#N/A,5.040500000000,3.936100000000,#N/A,3.943851515865,#N/A,1.338497855165,,,,,,,,,,,,,,,,
5/15/1970,2.000000000000,#N/A,#N/A,4.986300000000,3.906900000000,#N/A,3.884415420600,#N/A,1.334757189232,,,,,,,,,,,,,,,,
8/15/1970,2.000000000000,#N/A,#N/A,5.008000000000,3.878800000000,#N/A,3.939235695975,#N/A,1.324083060154,,,,,,,,,,,,,,,,
11/15/1970,2.000000000000,#N/A,#N/A,4.806500000000,3.853600000000,#N/A,3.702215658508,#N/A,1.264826040195,,,,,,,,,,,,,,,,
2/15/1971,2.000000000000,#N/A,#N/A,5.141800000000,3.829600000000,#N/A,4.077022550984,#N/A,1.314657906731,,,,,,,,,,,,,,,,
5/15/1971,2.000000000000,#N/A,#N/A,4.978000000000,3.799600000000,#N/A,3.854206225533,#N/A,1.299677301193,,,,,,,,,,,,,,,,
8/15/1971,2.000000000000,#N/A,#N/A,4.779100000000,3.775800000000,#N/A,3.637973779193,#N/A,1.326685651865,,,,,,,,,,,,,,,,
11/15/1971,2.000000000000,#N/A,#N/A,4.358900000000,3.755300000000,#N/A,3.204561413493,#N/A,1.439369940418,,,,,,,,,,,,,,,,
2/15/1972,2.000000000000,#N/A,#N/A,4.567300000000,3.732500000000,#N/A,3.446784474144,#N/A,1.398900322042,,,,,,,,,,,,,,,,
5/15/1972,2.000000000000,#N/A,#N/A,4.536600000000,3.699300000000,#N/A,3.483131805876,#N/A,1.378992273912,,,,,,,,,,,,,,,,
8/15/1972,2.000000000000,#N/A,#N/A,4.412000000000,3.659200000000,#N/A,3.374732841964,#N/A,1.361028099826,,,,,,,,,,,,,,,,
11/15/1972,2.000000000000,#N/A,#N/A,4.370900000000,3.614200000000,#N/A,3.383417376488,#N/A,1.354123298634,,,,,,,,,,,,,,,,
2/15/1973,2.000000000000,#N/A,#N/A,4.498600000000,3.558600000000,#N/A,3.606476838400,#N/A,1.293721229143,,,,,,,,,,,,,,,,
5/15/1973,2.000000000000,#N/A,#N/A,4.662300000000,3.496500000000,#N/A,3.899768958465,#N/A,1.069775844641,,,,,,,,,,,,,,,,
8/15/1973,2.000000000000,#N/A,#N/A,4.484500000000,3.438900000000,#N/A,3.689350555528,#N/A,0.912816111015,,,,,,,,,,,,,,,,
11/15/1973,2.000000000000,#N/A,#N/A,4.594900000000,3.386400000000,#N/A,3.894506159794,#N/A,0.925269198247,,,,,,,,,,,,,,,,
2/15/1974,2.000000000000,#N/A,#N/A,4.538000000000,3.336900000000,#N/A,3.858039936142,#N/A,0.771811714735,,,,,,,,,,,,,,,,
5/15/1974,2.000000000000,#N/A,#N/A,4.838900000000,3.296200000000,#N/A,4.350310450532,#N/A,0.334735224278,,,,,,,,,,,,,,,,
8/15/1974,2.000000000000,#N/A,#N/A,4.974700000000,3.264000000000,#N/A,4.484865612500,#N/A,0.130986135867,,,,,,,,,,,,,,,,
11/15/1974,2.000000000000,#N/A,#N/A,4.838400000000,3.245200000000,#N/A,4.327732741586,#N/A,0.489759595100,,,,,,,,,,,,,,,,
2/15/1975,2.000000000000,#N/A,#N/A,4.313700000000,3.237800000000,#N/A,3.749811587126,#N/A,0.823967938555,,,,,,,,,,,,,,,,
5/15/1975,2.000000000000,#N/A,#N/A,3.966100000000,3.237200000000,#N/A,3.409911023604,#N/A,0.967486685217,,,,,,,,,,,,,,,,
8/15/1975,2.000000000000,#N/A,#N/A,3.989000000000,3.232300000000,#N/A,3.336150755456,#N/A,0.917210800467,,,,,,,,,,,,,,,,
11/15/1975,2.000000000000,#N/A,#N/A,4.018700000000,3.222700000000,#N/A,3.297685514872,#N/A,0.874967449707,,,,,,,,,,,,,,,,
2/15/1976,2.000000000000,#N/A,#N/A,4.053300000000,3.210600000000,#N/A,3.365181733540,#N/A,0.899429027859,,,,,,,,,,,,,,,,
5/15/1976,2.000000000000,#N/A,#N/A,3.631100000000,3.199100000000,#N/A,2.978104998361,#N/A,0.948316626799,,,,,,,,,,,,,,,,
8/15/1976,2.000000000000,#N/A,#N/A,3.616100000000,3.195200000000,#N/A,2.971763237397,#N/A,0.848906362558,,,,,,,,,,,,,,,,
11/15/1976,2.000000000000,#N/A,#N/A,3.599300000000,3.196400000000,#N/A,2.914699346975,#N/A,0.876262611253,,,,,,,,,,,,,,,,
2/15/1977,2.000000000000,#N/A,#N/A,3.663700000000,3.198100000000,#N/A,3.023057109081,#N/A,0.944469312484,,,,,,,,,,,,,,,,
5/15/1977,2.000000000000,#N/A,#N/A,3.671500000000,3.196500000000,#N/A,3.113595909012,#N/A,1.100332617317,,,,,,,,,,,,,,,,
8/15/1977,2.000000000000,#N/A,#N/A,3.800100000000,3.191600000000,#N/A,3.247299961485,#N/A,1.142229596098,,,,,,,,,,,,,,,,
11/15/1977,2.000000000000,#N/A,#N/A,3.467600000000,3.189700000000,#N/A,2.846830623547,#N/A,1.192574380701,,,,,,,,,,,,,,,,
2/15/1978,2.000000000000,#N/A,#N/A,3.356200000000,3.191800000000,#N/A,2.743467760837,#N/A,1.301475525799,,,,,,,,,,,,,,,,
5/15/1978,2.000000000000,#N/A,#N/A,3.889000000000,3.183100000000,#N/A,3.418362833765,#N/A,1.410655337159,,,,,,,,,,,,,,,,
8/15/1978,2.000000000000,#N/A,#N/A,3.854000000000,3.160700000000,#N/A,3.335001017238,#N/A,1.460421058722,,,,,,,,,,,,,,,,
11/15/1978,2.000000000000,#N/A,#N/A,3.964600000000,3.139400000000,#N/A,3.446050944252,#N/A,1.520769474249,,,,,,,,,,,,,,,,
2/15/1979,2.000000000000,#N/A,#N/A,3.461100000000,3.119500000000,#N/A,3.009813524061,#N/A,1.608001319493,,,,,,,,,,,,,,,,
5/15/1979,2.000000000000,#N/A,#N/A,3.900200000000,3.104100000000,#N/A,3.374207175867,#N/A,1.579316914429,,,,,,,,,,,,,,,,
8/15/1979,2.000000000000,#N/A,#N/A,3.842700000000,3.089600000000,#N/A,3.298017544158,#N/A,1.701707849450,,,,,,,,,,,,,,,,
11/15/1979,2.000000000000,#N/A,#N/A,3.866900000000,3.075600000000,#N/A,3.423301195878,#N/A,1.785962696666,,,,,,,,,,,,,,,,
2/15/1980,2.000000000000,#N/A,#N/A,4.147200000000,3.066800000000,#N/A,3.714806559427,#N/A,1.806207835089,,,,,,,,,,,,,,,,
5/15/1980,2.000000000000,#N/A,#N/A,3.754100000000,3.067400000000,#N/A,3.211416568349,#N/A,1.838805323471,,,,,,,,,,,,,,,,
8/15/1980,2.000000000000,#N/A,#N/A,3.765800000000,3.075900000000,#N/A,3.257697384840,#N/A,1.952418980140,,,,,,,,,,,,,,,,
11/15/1980,2.000000000000,#N/A,#N/A,4.240500000000,3.075400000000,#N/A,3.744526402900,#N/A,2.300375583538,,,,,,,,,,,,,,,,
2/15/1981,2.000000000000,#N/A,#N/A,4.369400000000,3.063200000000,#N/A,3.861687227451,#N/A,2.349102974198,,,,,,,,,,,,,,,,
5/15/1981,2.000000000000,#N/A,#N/A,3.908200000000,3.050600000000,#N/A,3.332906278923,#N/A,2.455182519624,,,,,,,,,,,,,,,,
8/15/1981,2.000000000000,#N/A,#N/A,4.011800000000,3.043200000000,#N/A,3.426399929170,#N/A,2.510050931463,,,,,,,,,,,,,,,,
11/15/1981,2.000000000000,#N/A,#N/A,3.679900000000,3.039000000000,#N/A,3.076179605708,#N/A,2.372490460697,,,,,,,,,,,,,,,,
2/15/1982,2.000000000000,#N/A,#N/A,3.158700000000,3.048000000000,#N/A,2.543779884784,#N/A,2.589474037878,,,,,,,,,,,,,,,,
5/15/1982,2.000000000000,#N/A,#N/A,3.096000000000,3.063800000000,#N/A,2.546089749262,#N/A,2.677538176226,,,,,,,,,,,,,,,,
8/15/1982,2.000000000000,#N/A,#N/A,3.241100000000,3.080700000000,#N/A,2.596180442065,#N/A,2.539089477997,,,,,,,,,,,,,,,,
11/15/1982,2.000000000000,#N/A,#N/A,3.120300000000,3.101400000000,#N/A,2.490090848352,#N/A,2.642262615271,,,,,,,,,,,,,,,,
2/15/1983,2.000000000000,#N/A,#N/A,3.183100000000,3.119500000000,#N/A,2.628121624013,#N/A,2.766953172909,,,,,,,,,,,,,,,,
5/15/1983,2.000000000000,#N/A,#N/A,2.892400000000,3.128800000000,#N/A,2.500647818050,#N/A,2.811278700798,,,,,,,,,,,,,,,,
8/15/1983,2.000000000000,#N/A,#N/A,3.489700000000,3.129300000000,#N/A,3.074952701338,#N/A,2.983661798752,,,,,,,,,,,,,,,,
11/15/1983,2.000000000000,#N/A,#N/A,3.121700000000,3.123800000000,#N/A,2.809958714114,#N/A,2.948062822505,,,,,,,,,,,,,,,,
2/15/1984,2.000000000000,#N/A,#N/A,3.260000000000,3.113000000000,#N/A,3.023793879171,#N/A,2.979609138009,,,,,,,,,,,,,,,,
5/15/1984,2.000000000000,#N/A,#N/A,3.455600000000,3.098900000000,#N/A,3.263846646382,#N/A,3.076843267253,,,,,,,,,,,,,,,,
8/15/1984,2.000000000000,#N/A,#N/A,3.295200000000,3.084500000000,#N/A,3.097606929772,#N/A,3.020531597347,,,,,,,,,,,,,,,,
11/15/1984,2.000000000000,#N/A,#N/A,3.086600000000,3.071700000000,#N/A,2.939063583555,#N/A,2.771510758406,,,,,,,,,,,,,,,,
2/15/1985,2.000000000000,#N/A,#N/A,3.723100000000,3.058600000000,#N/A,3.428981694689,#N/A,2.851258231168,,,,,,,,,,,,,,,,
5/15/1985,2.000000000000,#N/A,#N/A,3.467200000000,3.043600000000,#N/A,3.199631477537,#N/A,2.812623302933,,,,,,,,,,,,,,,,
8/15/1985,2.000000000000,#N/A,#N/A,3.676700000000,3.026100000000,#N/A,3.436380489502,#N/A,2.849888335542,,,,,,,,,,,,,,,,
11/15/1985,2.000000000000,#N/A,#N/A,3.313400000000,3.006600000000,#N/A,3.178539176330,#N/A,2.777783668384,,,,,,,,,,,,,,,,
2/15/1986,2.000000000000,#N/A,#N/A,3.451800000000,2.988500000000,#N/A,3.384272591138,#N/A,2.707403315254,,,,,,,,,,,,,,,,
5/15/1986,2.000000000000,#N/A,#N/A,3.115900000000,2.971500000000,#N/A,3.058759666371,#N/A,2.637985548402,,,,,,,,,,,,,,,,
8/15/1986,2.000000000000,#N/A,#N/A,3.106000000000,2.955600000000,#N/A,3.039937738901,#N/A,2.568395818912,,,,,,,,,,,,,,,,
11/15/1986,2.000000000000,#N/A,#N/A,3.160800000000,2.939800000000,#N/A,3.049829558941,#N/A,2.641450289475,,,,,,,,,,,,,,,,
2/15/1987,2.000000000000,#N/A,#N/A,2.885000000000,2.924600000000,#N/A,2.896048924948,#N/A,2.608872578804,,,,,,,,,,,,,,,,
5/15/1987,2.000000000000,#N/A,#N/A,3.109900000000,2.907600000000,#N/A,3.190502824358,#N/A,2.721822121047,,,,,,,,,,,,,,,,
8/15/1987,2.000000000000,#N/A,#N/A,3.121400000000,2.887600000000,#N/A,3.196468582063,#N/A,2.673400019154,,,,,,,,,,,,,,,,
11/15/1987,2.000000000000,#N/A,#N/A,3.348000000000,2.863800000000,#N/A,3.490158945927,#N/A,2.685897157632,,,,,,,,,,,,,,,,
2/15/1988,2.000000000000,#N/A,#N/A,3.251000000000,2.836600000000,#N/A,3.397336033771,#N/A,2.596767829005,,,,,,,,,,,,,,,,
5/15/1988,2.000000000000,#N/A,#N/A,3.571200000000,2.809100000000,#N/A,3.676800186513,#N/A,2.671469076988,,,,,,,,,,,,,,,,
8/15/1988,2.000000000000,#N/A,#N/A,3.635100000000,2.779100000000,#N/A,3.612443466192,#N/A,2.716549289549,,,,,,,,,,,,,,,,
11/15/1988,2.000000000000,#N/A,#N/A,3.699800000000,2.747000000000,#N/A,3.709794223459,#N/A,2.690686585820,,,,,,,,,,,,,,,,
2/15/1989,2.000000000000,#N/A,#N/A,3.737900000000,2.710100000000,#N/A,3.709031586497,#N/A,2.697806450307,,,,,,,,,,,,,,,,
5/15/1989,2.000000000000,#N/A,#N/A,3.521800000000,2.670700000000,#N/A,3.534958881953,#N/A,2.555295046247,,,,,,,,,,,,,,,,
8/15/1989,2.000000000000,#N/A,#N/A,3.305300000000,2.629100000000,#N/A,3.361714235397,#N/A,2.393082853433,,,,,,,,,,,,,,,,
11/15/1989,2.000000000000,#N/A,#N/A,3.327000000000,2.585800000000,#N/A,3.345516278863,#N/A,2.282344086079,,,,,,,,,,,,,,,,
2/15/1990,2.000000000000,#N/A,#N/A,3.649300000000,2.540600000000,#N/A,3.652595575807,#N/A,2.206945688099,,,,,,,,,,,,,,,,
5/15/1990,2.000000000000,#N/A,#N/A,3.692300000000,2.493900000000,#N/A,3.643906512061,#N/A,2.109800899775,,,,,,,,,,,,,,,,
8/15/1990,2.000000000000,#N/A,#N/A,3.631000000000,2.452900000000,#N/A,3.500655218432,#N/A,1.983884550401,,,,,,,,,,,,,,,,
11/15/1990,2.000000000000,#N/A,#N/A,3.124700000000,2.421400000000,#N/A,3.079001916289,#N/A,1.869599915235,,,,,,,,,,,,,,,,
2/15/1991,2.000000000000,#N/A,#N/A,2.852500000000,2.399600000000,#N/A,2.910206361898,#N/A,1.787634999462,,,,,,,,,,,,,,,,
5/15/1991,2.000000000000,#N/A,#N/A,2.922200000000,2.380200000000,#N/A,2.893905101604,#N/A,1.873891324677,,,,,,,,,,,,,,,,
8/15/1991,2.000000000000,#N/A,#N/A,3.081100000000,2.360300000000,#N/A,2.940688272678,#N/A,1.868116516300,,,,,,,,,,,,,,,,
11/15/1991,2.000000000000,#N/A,#N/A,2.941000000000,2.343000000000,#N/A,2.808257475218,#N/A,1.813622430514,,,,,,,,,,,,,,,,
2/15/1992,2.000000000000,#N/A,#N/A,2.937000000000,2.326700000000,#N/A,2.866674646693,#N/A,1.812073803391,,,,,,,,,,,,,,,,
5/15/1992,2.000000000000,#N/A,#N/A,2.914900000000,2.309500000000,#N/A,2.833513951851,#N/A,1.848305476665,,,,,,,,,,,,,,,,
8/15/1992,2.000000000000,#N/A,#N/A,2.683400000000,2.294400000000,#N/A,2.700293730949,#N/A,1.809199632867,,,,,,,,,,,,,,,,
11/15/1992,2.000000000000,#N/A,#N/A,2.749200000000,2.283400000000,#N/A,2.766818520617,#N/A,1.834533108270,,,,,,,,,,,,,,,,
2/15/1993,2.000000000000,#N/A,#N/A,2.646600000000,2.279600000000,#N/A,2.560711486527,#N/A,1.832759999765,,,,,,,,,,,,,,,,
5/15/1993,2.000000000000,#N/A,#N/A,2.655300000000,2.284600000000,#N/A,2.558424939205,#N/A,1.860066648137,,,,,,,,,,,,,,,,
8/15/1993,2.000000000000,#N/A,#N/A,2.415900000000,2.295100000000,#N/A,2.337502347001,#N/A,1.926122956631,,,,,,,,,,,,,,,,
11/15/1993,2.000000000000,#N/A,#N/A,2.389100000000,2.308200000000,#N/A,2.359971666765,#N/A,1.983949457702,,,,,,,,,,,,,,,,
2/15/1994,2.000000000000,#N/A,#N/A,2.267100000000,2.321700000000,#N/A,2.263180407382,#N/A,2.078925740133,,,,,,,,,,,,,,,,
5/15/1994,2.000000000000,#N/A,#N/A,2.477000000000,2.337300000000,#N/A,2.471362472438,#N/A,2.237223911930,,,,,,,,,,,,,,,,
8/15/1994,2.000000000000,#N/A,#N/A,2.290600000000,2.355600000000,#N/A,2.339063112162,#N/A,2.290343748335,,,,,,,,,,,,,,,,
11/15/1994,2.000000000000,#N/A,#N/A,2.213200000000,2.378200000000,#N/A,2.370376518205,#N/A,2.387231971011,,,,,,,,,,,,,,,,
2/15/1995,2.000000000000,#N/A,#N/A,2.123800000000,2.404400000000,#N/A,2.285981097811,#N/A,2.407487013100,,,,,,,,,,,,,,,,
5/15/1995,2.000000000000,#N/A,#N/A,2.055800000000,2.436300000000,#N/A,2.274682382345,#N/A,2.363388609446,,,,,,,,,,,,,,,,
8/15/1995,2.000000000000,#N/A,#N/A,1.998900000000,2.470400000000,#N/A,2.279009277524,#N/A,2.403744733220,,,,,,,,,,,,,,,,
11/15/1995,2.000000000000,#N/A,#N/A,2.061800000000,2.504000000000,#N/A,2.322008880568,#N/A,2.421213207660,,,,,,,,,,,,,,,,
2/15/1996,2.000000000000,#N/A,#N/A,1.990100000000,2.536900000000,#N/A,2.275460998071,#N/A,2.377861346442,,,,,,,,,,,,,,,,
5/15/1996,2.000000000000,#N/A,#N/A,2.185300000000,2.566300000000,#N/A,2.529094365907,#N/A,2.499776771021,,,,,,,,,,,,,,,,
8/15/1996,2.000000000000,#N/A,#N/A,2.192200000000,2.591500000000,#N/A,2.540585802472,#N/A,2.529122698612,,,,,,,,,,,,,,,,
11/15/1996,2.000000000000,#N/A,#N/A,2.374700000000,2.616500000000,#N/A,2.697891905270,#N/A,2.493487778170,,,,,,,,,,,,,,,,
2/15/1997,2.000000000000,#N/A,#N/A,2.214600000000,2.640200000000,#N/A,2.570287384091,#N/A,2.496192785289,,,,,,,,,,,,,,,,
5/15/1997,2.000000000000,#N/A,#N/A,2.507400000000,2.660700000000,#N/A,2.841421705760,#N/A,2.602752729048,,,,,,,,,,,,,,,,
8/15/1997,2.000000000000,#N/A,#N/A,2.344400000000,2.675200000000,#N/A,2.695434271479,#N/A,2.575271971115,,,,,,,,,,,,,,,,
11/15/1997,2.000000000000,#N/A,#N/A,2.348500000000,2.687300000000,#N/A,2.699428682030,#N/A,2.503015179215,,,,,,,,,,,,,,,,
2/15/1998,2.000000000000,#N/A,#N/A,2.385500000000,2.697200000000,#N/A,2.714461687437,#N/A,2.562851398630,,,,,,,,,,,,,,,,
5/15/1998,2.000000000000,#N/A,#N/A,2.481700000000,2.703000000000,#N/A,2.748480137091,#N/A,2.501252345477,,,,,,,,,,,,,,,,
8/15/1998,2.000000000000,#N/A,#N/A,2.712800000000,2.703000000000,#N/A,2.902934312540,#N/A,2.557281657429,,,,,,,,,,,,,,,,
11/15/1998,2.000000000000,#N/A,#N/A,2.868000000000,2.694900000000,#N/A,3.052447008931,#N/A,2.277842879623,,,,,,,,,,,,,,,,
2/15/1999,2.000000000000,#N/A,#N/A,2.908900000000,2.680300000000,#N/A,3.063128882779,#N/A,2.284268814374,,,,,,,,,,,,,,,,
5/15/1999,2.000000000000,#N/A,#N/A,2.926300000000,2.662100000000,#N/A,3.041594007251,#N/A,2.243162945118,,,,,,,,,,,,,,,,
8/15/1999,2.000000000000,#N/A,#N/A,2.954100000000,2.637800000000,#N/A,3.152286468711,#N/A,2.336616220841,,,,,,,,,,,,,,,,
11/15/1999,2.000000000000,#N/A,#N/A,3.166500000000,2.604600000000,#N/A,3.401580445365,#N/A,2.316882605603,,,,,,,,,,,,,,,,
2/15/2000,2.000000000000,#N/A,#N/A,3.191900000000,2.565200000000,#N/A,3.380384595469,#N/A,2.219454415364,,,,,,,,,,,,,,,,
5/15/2000,2.000000000000,#N/A,#N/A,3.122900000000,2.521300000000,#N/A,3.440969824141,#N/A,2.336418423806,,,,,,,,,,,,,,,,
8/15/2000,2.000000000000,#N/A,#N/A,3.099400000000,2.472200000000,#N/A,3.348723451030,#N/A,2.122740898241,,,,,,,,,,,,,,,,
11/15/2000,2.000000000000,#N/A,#N/A,3.145000000000,2.424400000000,#N/A,3.369099553253,#N/A,2.014173615233,,,,,,,,,,,,,,,,
2/15/2001,2.000000000000,#N/A,#N/A,3.112200000000,2.377300000000,#N/A,3.277663883420,#N/A,1.686502705231,,,,,,,,,,,,,,,,
5/15/2001,2.000000000000,#N/A,#N/A,3.095200000000,2.332200000000,#N/A,3.186305877642,#N/A,1.549854136907,,,,,,,,,,,,,,,,
8/15/2001,2.000000000000,#N/A,#N/A,2.847700000000,2.288300000000,#N/A,2.862617711496,#N/A,1.429737923178,,,,,,,,,,,,,,,,
11/15/2001,2.000000000000,#N/A,#N/A,3.051400000000,2.247900000000,#N/A,2.944946482530,#N/A,1.210313121004,,,,,,,,,,,,,,,,
2/15/2002,2.000000000000,#N/A,#N/A,2.984700000000,2.206700000000,#N/A,2.829760062026,#N/A,1.348005137039,,,,,,,,,,,,,,,,
5/15/2002,2.000000000000,#N/A,#N/A,3.188500000000,2.165400000000,#N/A,2.967445846335,#N/A,1.395317720952,,,,,,,,,,,,,,,,
8/15/2002,2.000000000000,#N/A,#N/A,3.061000000000,2.127700000000,#N/A,2.852722438439,#N/A,1.294946345382,,,,,,,,,,,,,,,,
11/15/2002,2.000000000000,#N/A,#N/A,2.784700000000,2.094900000000,#N/A,2.579569142359,#N/A,1.167262240299,,,,,,,,,,,,,,,,
2/15/2003,2.000000000000,#N/A,#N/A,2.530900000000,2.065300000000,#N/A,2.392434945505,#N/A,1.242259351060,,,,,,,,,,,,,,,,
5/15/2003,2.000000000000,#N/A,#N/A,2.439800000000,2.034600000000,#N/A,2.356531084428,#N/A,1.272596902376,,,,,,,,,,,,,,,,
8/15/2003,2.000000000000,#N/A,#N/A,2.710500000000,1.999800000000,#N/A,2.563230076101,#N/A,1.316732828251,,,,,,,,,,,,,,,,
11/15/2003,2.000000000000,#N/A,#N/A,2.750100000000,1.960900000000,#N/A,2.576506819047,#N/A,1.336722689816,,,,,,,,,,,,,,,,
2/15/2004,2.000000000000,#N/A,#N/A,2.851200000000,1.923300000000,#N/A,2.635396398108,#N/A,1.241095407923,,,,,,,,,,,,,,,,
5/15/2004,2.000000000000,#N/A,#N/A,2.827200000000,1.887500000000,#N/A,2.612463923504,#N/A,1.224302923642,,,,,,,,,,,,,,,,
8/15/2004,2.000000000000,#N/A,#N/A,2.600900000000,1.850600000000,#N/A,2.436722073915,#N/A,1.393494308477,,,,,,,,,,,,,,,,
11/15/2004,2.000000000000,#N/A,#N/A,2.669500000000,1.811200000000,#N/A,2.512843014303,#N/A,1.473444376428,,,,,,,,,,,,,,,,
2/15/2005,2.000000000000,#N/A,#N/A,2.819100000000,1.769000000000,2.218700000000,2.646726316618,#N/A,1.501727607430,,,,,,,,,,,,,,,,
5/15/2005,2.000000000000,#N/A,#N/A,2.549700000000,1.724900000000,2.231600000000,2.378895769299,#N/A,1.554103897303,,,,,,,,,,,,,,,,
8/15/2005,2.000000000000,#N/A,#N/A,2.401100000000,1.678900000000,2.080200000000,2.285327724331,#N/A,1.673122604100,,,,,,,,,,,,,,,,
11/15/2005,2.000000000000,#N/A,#N/A,2.509300000000,1.628200000000,2.084200000000,2.414825459735,#N/A,1.620024533366,,,,,,,,,,,,,,,,
2/15/2006,2.000000000000,#N/A,#N/A,2.600800000000,1.571900000000,2.255300000000,2.490625582056,#N/A,1.750759619673,,,,,,,,,,,,,,,,
5/15/2006,2.000000000000,#N/A,#N/A,2.695100000000,1.510600000000,2.392600000000,2.504030692323,#N/A,1.705100137339,,,,,,,,,,,,,,,,
8/15/2006,2.000000000000,#N/A,#N/A,2.469800000000,1.448100000000,2.260300000000,2.316056144704,#N/A,1.683292600420,,,,,,,,,,,,,,,,
11/15/2006,2.000000000000,#N/A,#N/A,2.357400000000,1.380500000000,2.140800000000,2.270364046857,#N/A,1.645520468770,,,,,,,,,,,,,,,,
2/15/2007,2.000000000000,#N/A,#N/A,2.578800000000,1.306400000000,2.244000000000,2.395611742707,#N/A,1.600053073616,,,,,,,,,,,,,,,,
5/15/2007,2.000000000000,#N/A,#N/A,2.261100000000,1.227200000000,1.989700000000,2.167929403897,#N/A,1.636313278615,,,,,,,,,,,,,,,,
8/15/2007,2.000000000000,#N/A,#N/A,2.287600000000,1.141500000000,2.141800000000,2.218003923240,#N/A,1.625457499618,,,,,,,,,,,,,,,,
11/15/2007,2.000000000000,#N/A,#N/A,2.432000000000,1.051400000000,2.143996949765,2.365161573391,#N/A,1.314719135750,,,,,,,,,,,,,,,,
2/15/2008,2.000000000000,#N/A,#N/A,2.068100000000,0.961000000000,1.985434989000,2.093653932347,#N/A,0.778134707254,,,,,,,,,,,,,,,,
5/15/2008,2.000000000000,#N/A,#N/A,1.875300000000,0.874100000000,1.777750956545,2.069339156241,#N/A,0.749748691255,,,,,,,,,,,,,,,,
8/15/2008,2.000000000000,#N/A,#N/A,1.577700000000,0.792600000000,1.738356248681,1.810365614134,#N/A,0.691529402332,,,,,,,,,,,,,,,,
11/15/2008,2.000000000000,#N/A,#N/A,0.740800000000,0.727500000000,1.059803881616,0.909643121474,#N/A,0.078006100339,,,,,,,,,,,,,,,,
2/15/2009,2.000000000000,#N/A,#N/A,0.644900000000,0.679300000000,1.140201245292,0.592525306714,#N/A,0.449194943161,,,,,,,,,,,,,,,,
5/15/2009,2.000000000000,#N/A,#N/A,1.056600000000,0.637500000000,1.094595119671,0.779243217085,#N/A,0.576130979894,,,,,,,,,,,,,,,,
8/15/2009,2.000000000000,#N/A,#N/A,0.982800000000,0.596600000000,1.002097702548,0.775481708703,#N/A,0.640543073439,,,,,,,,,,,,,,,,
11/15/2009,2.000000000000,#N/A,#N/A,1.332000000000,0.554400000000,1.246190055644,1.156735444652,#N/A,0.663347961731,,,,,,,,,,,,,,,,
2/15/2010,2.000000000000,#N/A,#N/A,0.965100000000,0.511600000000,0.840181661040,0.890239227928,#N/A,0.372297000272,,,,,,,,,,,,,,,,
5/15/2010,2.000000000000,#N/A,#N/A,0.803900000000,0.470800000000,0.731375732539,0.818173448139,#N/A,0.364539843128,,,,,,,,,,,,,,,,
8/15/2010,2.000000000000,#N/A,#N/A,0.613600000000,0.430800000000,0.512726752388,0.671743770456,#N/A,0.473246646741,,,,,,,,,,,,,,,,
11/15/2010,2.000000000000,#N/A,#N/A,0.572900000000,0.394200000000,0.265299652183,0.661977858788,#N/A,0.377035960632,,,,,,,,,,,,,,,,
2/15/2011,2.000000000000,#N/A,#N/A,0.541600000000,0.363800000000,0.234939415006,0.655539570498,#N/A,0.339914839854,,,,,,,,,,,,,,,,
5/15/2011,2.000000000000,#N/A,#N/A,0.701900000000,0.338600000000,0.113938211830,0.860507933638,#N/A,0.225993091907,,,,,,,,,,,,,,,,
8/15/2011,2.000000000000,#N/A,#N/A,0.565800000000,0.315300000000,0.222124156027,0.722353042207,#N/A,0.093156809954,,,,,,,,,,,,,,,,
11/15/2011,2.000000000000,#N/A,#N/A,0.599700000000,0.293400000000,0.086135921900,0.763431846389,#N/A,0.146385500325,,,,,,,,,,,,,,,,
2/15/2012,2.000000000000,2.250000000000,2.250000000000,0.890400000000,0.270200000000,0.265645754671,0.961306922198,#N/A,0.056809466674,,,,,,,,,,,,,,,,
5/15/2012,2.000000000000,2.250000000000,2.250000000000,0.640600000000,0.250100000000,0.044516381360,0.731860593449,#N/A,0.078491070269,,,,,,,,,,,,,,,,
8/15/2012,2.000000000000,2.000000000000,2.083333333333,0.403900000000,0.235400000000,-0.103294421798,0.484579169412,#N/A,0.114885977526,,,,,,,,,,,,,,,,
11/15/2012,2.000000000000,1.958333333333,2.000000000000,0.417800000000,0.225800000000,-0.374656117314,0.468528857266,#N/A,0.037573854299,,,,,,,,,,,,,,,,
2/15/2013,2.000000000000,2.000000000000,2.000000000000,0.406100000000,0.218700000000,-0.340768517476,0.497377533168,#N/A,0.140201852414,,,,,,,,,,,,,,,,
5/15/2013,2.000000000000,2.000000000000,2.000000000000,0.245100000000,0.212900000000,-0.401805199947,0.325645293356,#N/A,0.243888596215,,,,,,,,,,,,,,,,
8/15/2013,2.000000000000,1.833333333333,2.000000000000,0.396600000000,0.209800000000,-0.130604479356,0.419133160006,#N/A,0.243498337167,,,,,,,,,,,,,,,,
11/15/2013,2.000000000000,1.750000000000,2.000000000000,0.525400000000,0.207100000000,-0.177504570115,0.528154007521,#N/A,0.153524028885,,,,,,,,,,,,,,,,
2/15/2014,2.000000000000,1.750000000000,2.000000000000,0.212200000000,0.207200000000,-0.354826786272,0.246837166119,#N/A,0.102241769876,,,,,,,,,,,,,,,,
5/15/2014,2.000000000000,1.750000000000,1.833333333333,0.491300000000,0.208300000000,-0.072911358251,0.519405873033,#N/A,0.300931019189,,,,,,,,,,,,,,,,
8/15/2014,2.000000000000,1.750000000000,1.750000000000,0.516100000000,0.204000000000,-0.072940096719,0.551374994499,#N/A,0.289341289069,,,,,,,,,,,,,,,,
11/15/2014,2.000000000000,1.750000000000,1.750000000000,0.371500000000,0.198600000000,-0.165267988762,0.404910190121,#N/A,0.242932164052,,,,,,,,,,,,,,,,
2/15/2015,2.000000000000,1.666666666667,1.750000000000,0.339600000000,0.193900000000,-0.388564984999,0.342107984455,#N/A,0.407110266994,,,,,,,,,,,,,,,,
5/15/2015,2.000000000000,1.625000000000,1.750000000000,0.660500000000,0.189500000000,0.006320325732,0.486234661446,#N/A,0.269140426659,,,,,,,,,,,,,,,,
8/15/2015,2.000000000000,1.541666666667,1.583333333333,0.593300000000,0.188100000000,-0.092076081793,0.364402888029,#N/A,0.364375759111,,,,,,,,,,,,,,,,
11/15/2015,2.000000000000,1.416666666667,1.500000000000,0.491500000000,0.190900000000,-0.096787191279,0.220739339624,0.401285190344,0.362434688152,,,,,,,,,,,,,,,,
2/15/2016,2.000000000000,1.291666666667,1.333333333333,0.784900000000,0.196900000000,0.186546760505,0.383838925797,0.463765340452,0.472582176851,,,,,,,,,,,,,,,,
5/15/2016,2.000000000000,1.166666666667,1.083333333333,0.940700000000,0.204900000000,0.182300000000,0.425525705874,0.424960665573,0.274363321673,,,,,,,,,,,,,,,,
8/15/2016,2.000000000000,0.958333333333,0.916666666667,0.935400000000,0.215100000000,0.216000000000,0.432965790132,0.455683950607,0.462140928054,,,,,,,,,,,,,,,,
11/15/2016,2.000000000000,0.875000000000,0.958333333333,0.847700000000,0.226300000000,0.026700000000,0.378683499955,0.355402148310,0.464929734571,,,,,,,,,,,,,,,,
2/15/2017,2.000000000000,0.875000000000,1.000000000000,0.855800000000,0.238600000000,0.055600000000,0.389516292257,0.434822743101,0.551472702852,,,,,,,,,,,,,,,,
5/15/2017,2.000000000000,0.875000000000,1.000000000000,0.663600000000,0.252300000000,-0.215600000000,0.269552933875,0.272886947240,0.768593881251,,,,,,,,,,,,,,,,
8/15/2017,2.000000000000,0.791666666667,0.833333333333,0.671700000000,0.266200000000,-0.086300000000,0.276244598451,0.347646121739,0.952560351199,,,,,,,,,,,,,,,,
11/15/2017,2.000000000000,0.833333333333,0.750000000000,0.916900000000,0.278100000000,0.049400000000,0.489828919411,0.447871658565,0.921391888474,,,,,,,,,,,,,,,,
2/15/2018,2.000000000000,0.875000000000,0.833333333333,1.051600000000,0.287900000000,0.136700000000,0.638947560715,0.566787196327,0.934150395967,,,,,,,,,,,,,,,,
5/15/2018,2.000000000000,0.875000000000,0.875000000000,1.082200000000,0.297200000000,0.865300000000,0.658679978238,0.612936833416,1.006150909871,,,,,,,,,,,,,,,,
8/15/2018,2.000000000000,0.875000000000,0.958333333333,0.894700000000,0.307600000000,0.821100000000,0.481529422493,0.559345175995,1.013666791881,,,,,,,,,,,,,,,,
11/15/2018,2.000000000000,0.791666666667,0.833333333333,0.880400000000,0.319400000000,0.811200000000,0.459034666525,0.564089923030,1.018422161139,,,,,,,,,,,,,,,,
2/15/2019,2.000000000000,0.750000000000,0.750000000000,0.761000000000,0.331500000000,0.649300000000,0.353758755668,0.419880184716,1.203632182808,,,,,,,,,,,,,,,,
5/15/2019,2.000000000000,0.750000000000,0.583333333333,0.977100000000,0.342800000000,0.827500000000,0.470135868389,0.508398953503,1.185408633928,,,,,,,,,,,,,,,,
8/15/2019,2.000000000000,0.666666666667,0.500000000000,1.001600000000,0.353400000000,0.939000000000,0.496122122549,0.613020846888,1.141893823331,,,,,,,,,,,,,,,,
11/15/2019,2.000000000000,0.583333333333,0.500000000000,0.918500000000,0.361000000000,0.802000000000,0.414233452857,0.487404497567,0.853030080547,,,,,,,,,,,,,,,,
2/15/2020,2.000000000000,0.500000000000,0.500000000000,1.169700000000,0.363100000000,0.840300000000,0.708117948996,0.532342449935,0.666215605557,,,,,,,,,,,,,,,,
5/15/2020,2.000000000000,0.406250000000,0.500000000000,0.360800000000,0.360800000000,0.360800000000,0.029254316843,0.029254316843,-0.270300459408,,,,,,,,,,,,,,,,
8/15/2020,2.000000000000,0.375000000000,0.500000000000,0.360800000000,0.360800000000,0.360800000000,0.029254316843,0.029254316843,1.341888380814,,,,,,,,,,,,,,,,
11/15/2020,2.000000000000,0.375000000000,0.500000000000,0.360800000000,0.360800000000,0.360800000000,0.029254316843,0.029254316843,0.981427450860,,,,,,,,,,,,,,,,
2/15/2021,2.000000000000,0.375000000000,0.500000000000,0.360800000000,0.360800000000,0.360800000000,0.029254316843,0.029254316843,0.766063191370,,,,,,,,,,,,,,,,
5/15/2021,2.000000000000,0.375000000000,0.500000000000,0.360800000000,0.360800000000,0.360800000000,0.029254316843,0.029254316843,0.531240098433,,,,,,,,,,,,,,,,
8/15/2021,2.000000000000,0.375000000000,0.500000000000,0.360800000000,0.360800000000,0.360800000000,0.029254316843,0.029254316843,0.107705065020,,,,,,,,,,,,,,,,
11/15/2021,2.000000000000,0.375000000000,0.500000000000,0.360800000000,0.360800000000,0.360800000000,0.029254316843,0.029254316843,0.329156994330,,,,,,,,,,,,,,,,
2/15/2022,2.000000000000,0.375000000000,0.416666666667,0.360800000000,0.360800000000,0.360800000000,0.029254316843,0.029254316843,0.329156994330,,,,,,,,,,,,,,,,
5/15/2022,2.000000000000,0.375000000000,0.375000000000,0.360800000000,0.360800000000,0.360800000000,0.029254316843,0.029254316843,0.329156994330,,,,,,,,,,,,,,,,
,,,,,,,,,,,,,,,,,,,,,,,,,
,,,,,,,,,,,,,,,,,,,,,,,,,
,,,,,,,,,,,,,,,,,,,,,,,,,
,,,,,,,,,,,,,,,,,,,,,,,,,
,,,,,,,,,,,,,,,,,,,,,,,,,
,,,,,,,,,,,,,,,,,,,,,,,,,
,,,,,,,,,,,,,,,,,,,,,,,,,
,,,,,,,,,,,,,,,,,,,,,,,,,
,,,,,,,,,,,,,,,,,,,,,,,,,
,,,,,,,,,,,,,,,,,,,,,,,,,
,,,,,,,,,,,,,,,,,,,,,,,,,
,,,,,,,,,,,,,,,,,,,,,,,,,
